customer_id,created_at,first_name,last_name,email,phone,email_opt_in,sms_opt_in,call_opt_in,gender,birth_year,marital_status,occupation,yearly_income,num_children,house_owner_flag,education,country,region,city,postal_code,cohort,price_sensitivity,brand_affinity,market,acquisition_channel
1,2015-01-01,Bethany,Rodgers,brendastark@example.org,214.497.3746x05233,0,1,1,F,1985,Married,Professional,53000,3,0,High School,US,Utah,North Victoria,86950,GROWING,0.477,AromaDrive,us,ORGANIC
2,2015-01-01,Heather,Hill,alexander89@example.net,,1,0,0,F,1991,Single,Skilled Manual,49000,0,1,High School,US,Rhode Island,West Donna,84399,GROWING,0.683,FreshNest,us,ORGANIC
3,2015-01-01,Deborah,Frazier,amber40@example.net,(352)765-4696,1,1,1,M,2004,Married,Manual,57000,2,0,Graduate Degree,US,Colorado,West Patrick,38349,GROWING,0.346,AromaDrive,us,PAID_SOCIAL
4,2015-01-01,,Deleon,phillipsdenise@example.com,346-770-4622x6817,1,1,1,M,1998,Married,Management,167000,0,0,Bachelors,US,Wisconsin,Port Timothychester,72634,ONE_SHOT,0.698,AromaDrive,us,ORGANIC
5,2015-01-01,Denise,Moore,,(937)534-1517,0,1,0,F,1989,Married,Self-Employed,52000,1,1,High School,US,Mississippi,Port Angelaport,64215,DECLINING,0.524,FreshNest,us,ORGANIC
6,2015-01-01,Helen,Hester,ashleyknight@example.org,001-840-496-0035,1,1,1,M,1973,Married,Professional,83000,0,1,Bachelors,US,Minnesota,South Michaelmouth,10994,DECLINING,0.702,FreshNest,us,ORGANIC
7,2015-01-01,Lindsay,Gilbert,gonzalezjill@example.org,+1-712-605-4647,1,1,1,F,1989,Married,Clerical,52000,0,0,Partial College,US,Connecticut,New Michellefort,18320,GROWING,0.575,FreshNest,us,AFFILIATE
8,2015-01-09,Mitchell,Mahoney,simsjohn@example.net,4726728498,0,1,1,M,1979,Divorced,Professional,30000,1,0,High School,US,Louisiana,Smithton,53320,LOYAL_HEAVY,0.194,BreezeLine,us,ORGANIC
9,2015-01-12,Michael,Perry,nwilson@example.net,781-929-8266,1,0,0,F,2001,Divorced,Self-Employed,44000,0,0,Bachelors,US,Idaho,North Kendraview,70487,DECLINING,0.823,BreezeLine,us,AFFILIATE
10,2015-04-25,Barbara,,,001-836-994-5515x88863,0,1,0,F,1976,Single,Skilled Manual,105000,0,1,Partial College,US,Mississippi,Port Sherryshire,18746,LOYAL_LIGHT,0.415,BreezeLine,us,PAID_SEARCH
11,2015-07-02,Anne,,,001-477-966-5586x851,0,1,1,M,1965,Married,Retired,81000,0,1,High School,US,Massachusetts,Port Ashleyshire,14850,GROWING,0.611,FreshNest,us,ORGANIC
12,2015-09-04,Emily,Jones,,881.467.4233,0,1,1,M,1979,Married,Management,27000,1,1,Partial College,US,Massachusetts,Hallberg,47408,GROWING,0.601,BreezeLine,us,ORGANIC
13,2015-09-11,Robert,Levy,harrismichele@example.net,,0,0,0,M,2005,Married,Clerical,48000,1,0,Partial College,US,New Mexico,North Amymouth,34942,LOYAL_LIGHT,0.468,FreshNest,us,PAID_SEARCH
14,2015-11-02,John,Andrews,,+1-728-606-4796,0,1,0,F,1995,Single,Clerical,82000,2,0,High School,US,New Hampshire,Rodriguezborough,19425,LOYAL_LIGHT,0.539,AromaDrive,us,ORGANIC
15,2015-11-27,Julie,Horton,lopezjason@example.com,(554)359-6063,1,1,1,M,1973,Single,Skilled Manual,91000,2,0,Partial College,US,West Virginia,Martinezmouth,97974,LOYAL_LIGHT,0.337,BreezeLine,us,ORGANIC
16,2016-01-25,David,,ccrosby@example.org,439-558-7395x923,0,1,1,M,1998,Single,Professional,44000,2,1,Partial College,US,Indiana,Susanburgh,74500,ONE_SHOT,0.845,AromaDrive,us,ORGANIC
17,2016-02-24,Monique,Hoffman,jessicaanderson@example.com,(531)483-0617,1,1,0,F,1989,Divorced,Professional,163000,1,1,Bachelors,US,Connecticut,Jackieton,52469,DECLINING,0.695,FreshNest,us,EMAIL
18,2016-02-29,Wesley,Wood,olopez@example.net,475.972.1586x24150,0,1,1,M,1998,Married,Skilled Manual,22000,0,0,Graduate Degree,US,Louisiana,North Thomas,71420,ONE_SHOT,0.759,FreshNest,us,PAID_SEARCH
19,2016-03-09,Jennifer,Gilbert,jason22@example.com,393.523.8223x1164,1,1,1,F,2001,Married,Professional,56000,0,1,Graduate Degree,US,Arizona,Scottmouth,57918,LOYAL_LIGHT,0.347,FreshNest,us,REFERRAL
20,2016-03-31,Xavier,Ballard,thompsoncatherine@example.com,001-843-847-4524x55574,0,1,1,M,1980,Single,Management,67000,0,0,High School,US,Louisiana,Cooperview,62395,GROWING,0.628,AromaDrive,us,ORGANIC
21,2016-05-22,Wendy,,maria67@example.org,567-917-9576x024,0,1,1,M,1999,Single,Clerical,56000,0,1,High School,US,Washington,Port Anthonytown,04478,GROWING,0.659,FreshNest,us,REFERRAL
22,2016-06-02,David,Chavez,rachel90@example.org,(570)316-5804x649,0,1,1,M,1980,Single,Professional,67000,0,1,High School,US,Missouri,Kimberlybury,74000,LOYAL_HEAVY,0.043,AromaDrive,us,PAID_SOCIAL
23,2016-06-26,,Martinez,,977-933-2945x6255,0,1,1,F,2005,Married,Professional,81000,3,1,High School,US,Louisiana,North Christina,52195,LOYAL_LIGHT,0.377,FreshNest,us,ORGANIC
24,2016-06-28,Mario,Browning,,+1-348-676-3290x9279,0,1,1,F,1990,Married,Manual,31000,2,1,Partial High School,US,Illinois,South Kelseyhaven,28165,LOYAL_LIGHT,0.345,FreshNest,us,AFFILIATE
25,2016-07-05,Tina,Morgan,mgonzales@example.net,741-952-9821x7392,0,1,0,M,2004,Married,Manual,29000,0,1,High School,US,Hawaii,Vaughnfort,92772,GROWING,0.642,AromaDrive,us,EMAIL
26,2016-08-09,David,Carter,ysanford@example.org,,1,0,0,M,2000,Married,Professional,70000,0,0,High School,US,Oklahoma,Johnsonville,01217,LOYAL_LIGHT,0.258,AromaDrive,us,ORGANIC
27,2016-08-10,Susan,Kane,tprice@example.org,001-300-327-2063x459,1,1,1,M,1999,Single,Skilled Manual,49000,1,1,Bachelors,US,Pennsylvania,Heatherview,26645,GROWING,0.59,BreezeLine,us,EMAIL
28,2016-10-25,Raven,Hurley,annalopez@example.com,397.869.1567,1,1,1,F,1973,Married,Professional,124000,3,0,High School,US,Utah,Port Zacharyside,42239,DECLINING,0.579,BreezeLine,us,PAID_SEARCH
29,2016-11-05,Thomas,Jones,,+1-445-944-9014x954,0,1,1,M,1970,Single,Manual,41000,0,1,Partial College,US,Kentucky,East Bradley,42603,LOYAL_HEAVY,0.292,FreshNest,us,PAID_SEARCH
30,2016-11-08,Tara,Frye,dennis57@example.com,001-433-748-4587x14939,0,0,1,M,1992,Single,Retired,57000,3,0,Graduate Degree,US,Oregon,Port Debbie,68907,GROWING,0.477,AromaDrive,us,ORGANIC
31,2016-11-12,,Stewart,ramosmichael@example.com,(530)881-7214,1,1,1,M,1997,Married,Manual,173000,0,1,Partial High School,US,Montana,North Travisberg,13578,CHURN_RISK,0.839,FreshNest,us,EMAIL
32,2016-11-25,Megan,Levine,,,0,0,0,F,1984,Divorced,Manual,59000,0,0,Bachelors,US,Montana,Lake Laura,32547,LOYAL_HEAVY,0.222,AromaDrive,us,ORGANIC
33,2016-12-02,Stephanie,Turner,susan08@example.net,(263)709-3299x81996,1,1,1,M,1985,Married,Skilled Manual,95000,2,1,High School,US,Virginia,South Tommyport,12325,DECLINING,0.625,BreezeLine,us,PAID_SOCIAL
34,2017-02-09,Glenn,Johnson,,+1-390-555-2958x0660,0,0,1,F,1989,Single,Skilled Manual,57000,3,1,High School,US,Kansas,Lake Ginamouth,84865,LOYAL_LIGHT,0.314,BreezeLine,us,ORGANIC
35,2017-02-12,Katie,Spencer,davidtodd@example.org,,1,0,0,F,1995,Single,Clerical,90000,1,1,High School,US,Arizona,Port Adam,06120,GROWING,0.633,AromaDrive,us,ORGANIC
36,2017-02-13,Russell,Calderon,jennifer50@example.org,777.629.4209,0,1,1,F,1982,Married,Clerical,70000,0,1,Bachelors,US,Massachusetts,East Crystal,88828,ONE_SHOT,0.905,BreezeLine,us,AFFILIATE
37,2017-02-25,Joshua,,michael79@example.com,001-302-838-5037x19905,1,1,0,M,1999,Married,Clerical,18000,0,1,High School,US,Utah,East Tony,91062,GROWING,0.621,FreshNest,us,REFERRAL
38,2017-03-03,Zachary,Perry,,706-672-7520,0,1,0,F,1974,Married,Professional,40000,0,1,Bachelors,US,Wisconsin,South Vickie,83282,LOYAL_LIGHT,0.56,BreezeLine,us,ORGANIC
39,2017-04-08,Matthew,Perez,whitelucas@example.net,001-601-918-4582x60340,1,1,1,M,1989,Married,Professional,36000,0,1,Bachelors,US,Vermont,Riverston,86331,GROWING,0.636,FreshNest,us,PAID_SOCIAL
40,2017-04-18,Nicole,,,001-888-342-5995,0,1,1,F,1993,Married,Clerical,23000,0,1,Partial College,US,Ohio,Shannonport,18620,GROWING,0.598,BreezeLine,us,ORGANIC
41,2017-04-19,Shannon,Lara,,001-612-559-0203x5713,0,1,0,M,2006,Married,Management,97000,0,1,Partial College,US,North Carolina,Mcneilhaven,20817,DECLINING,0.65,FreshNest,us,EMAIL
42,2017-04-26,Danielle,Camacho,bhopkins@example.org,,1,0,0,F,1970,Married,Manual,179000,4,0,High School,US,New Mexico,Sharonborough,86508,ONE_SHOT,0.829,BreezeLine,us,EMAIL
43,2017-05-05,Heather,Guerra,brooke97@example.net,,1,0,0,F,1996,Single,Clerical,54000,0,0,High School,US,South Carolina,Gonzalezstad,39057,LOYAL_LIGHT,0.339,BreezeLine,us,ORGANIC
44,2017-05-18,Jade,Whitaker,troymorris@example.com,+1-455-321-3760x3754,0,1,0,F,1982,Single,Student,26000,2,1,Partial College,US,Mississippi,Danaland,95383,DECLINING,0.722,AromaDrive,us,REFERRAL
45,2017-05-22,Matthew,Walker,,(435)959-0425x979,0,1,0,F,1994,Married,Clerical,52000,1,1,Bachelors,US,New Hampshire,Ryanfurt,28470,ONE_SHOT,0.931,AromaDrive,us,AFFILIATE
46,2017-06-01,Kimberly,Miller,matthewreeves@example.net,(776)394-5919x66395,1,1,0,F,1991,Single,Student,45000,0,1,High School,US,Rhode Island,Tinaberg,38081,LOYAL_HEAVY,0.251,FreshNest,us,AFFILIATE
47,2017-06-04,Chad,Davis,dominicturner@example.com,+1-971-458-9042x9025,1,1,1,M,1997,Single,Self-Employed,49000,0,0,High School,US,Texas,Port Danielport,18447,DECLINING,0.648,FreshNest,us,REFERRAL
48,2017-06-07,Crystal,Nunez,,3517553234,0,1,1,M,1987,Married,Manual,77000,0,1,Partial High School,US,Maryland,Coxton,76681,GROWING,0.63,BreezeLine,us,PAID_SEARCH
49,2017-07-02,Christopher,King,catherine47@example.com,,1,0,0,F,1983,Single,Skilled Manual,36000,0,0,Partial College,US,Florida,Johnsonbury,03420,ONE_SHOT,0.955,BreezeLine,us,PAID_SEARCH
50,2017-07-15,Bill,Everett,,+1-495-986-7805x5557,0,1,0,M,2004,Single,Management,40000,1,0,High School,US,Oklahoma,New Ryan,68663,LOYAL_LIGHT,0.368,AromaDrive,us,ORGANIC
51,2017-07-16,,Guerrero,dross@example.com,(274)830-0038x96087,1,1,1,F,1975,Single,Clerical,75000,2,1,High School,US,Idaho,Carpenterfurt,38885,LOYAL_LIGHT,0.257,FreshNest,us,PAID_SEARCH
52,2017-07-19,Travis,Gomez,,904-296-7066,0,1,1,F,1995,Married,Skilled Manual,124000,0,0,Partial College,US,Nevada,New Blake,18518,GROWING,0.506,FreshNest,us,ORGANIC
53,2017-07-22,Kevin,,penajohn@example.com,,1,0,0,F,1975,Married,Clerical,54000,2,1,Partial College,US,New Jersey,Guzmanside,81515,DECLINING,0.773,AromaDrive,us,ORGANIC
54,2017-07-31,David,Klein,hernandeztristan@example.com,245-476-8321,0,1,1,M,1987,Single,Management,60000,0,1,High School,US,North Carolina,South Donna,38095,LOYAL_LIGHT,0.377,AromaDrive,us,ORGANIC
55,2017-08-04,Robin,Davis,,422.470.0934x59626,0,1,0,F,1993,Married,Professional,48000,0,1,Graduate Degree,US,Utah,Hollyland,23717,GROWING,0.511,FreshNest,us,EMAIL
56,2017-08-09,Shawn,Key,,,0,0,0,F,1995,Single,Professional,43000,0,0,Bachelors,US,Kansas,Martinbury,74951,CHURN_RISK,0.745,BreezeLine,us,ORGANIC
57,2017-08-16,Diana,Jennings,susan56@example.net,364.620.8656x7566,1,1,1,M,1997,Single,Professional,23000,0,0,Partial College,US,Ohio,Alexismouth,59127,GROWING,0.52,AromaDrive,us,ORGANIC
58,2017-08-19,Daniel,Berry,,(544)792-6831x589,0,1,1,F,1971,Married,Clerical,57000,0,0,Bachelors,US,North Dakota,Jimenezbury,25910,DECLINING,0.621,AromaDrive,us,ORGANIC
59,2017-09-02,Jason,Smith,powellkara@example.net,,0,0,0,F,1997,Married,Management,74000,2,1,Bachelors,US,Washington,Briantown,20132,GROWING,0.361,BreezeLine,us,ORGANIC
60,2017-09-12,Crystal,Bennett,paynerachael@example.org,314-665-1113x1290,0,1,1,F,1973,Married,Clerical,37000,2,0,Bachelors,US,Mississippi,Port Julie,35670,LOYAL_LIGHT,0.4,FreshNest,us,AFFILIATE
61,2017-09-21,,Scott,,,0,0,0,F,1999,Married,Management,80000,2,1,High School,US,Colorado,West Frederickshire,11331,LOYAL_HEAVY,0.28,FreshNest,us,REFERRAL
62,2017-09-23,Michael,Combs,,,0,0,0,F,1961,Married,Professional,36000,0,1,Bachelors,US,Oregon,Hunterberg,74802,ONE_SHOT,0.885,BreezeLine,us,ORGANIC
63,2017-10-08,Rachel,Cox,,+1-264-975-0111x1783,0,1,1,M,1978,Single,Professional,29000,2,1,High School,US,Hawaii,Kristatown,17130,ONE_SHOT,0.976,BreezeLine,us,AFFILIATE
64,2017-10-16,Katie,Kramer,vfrench@example.com,945-396-4229,1,1,1,F,2002,Divorced,Skilled Manual,140000,1,0,Partial College,US,Maine,East David,70106,LOYAL_LIGHT,0.438,BreezeLine,us,ORGANIC
65,2017-10-18,Jason,Martinez,,895.451.2405,0,1,1,M,1990,Single,Manual,106000,1,1,High School,US,California,Williamsfort,46701,CHURN_RISK,1.0,BreezeLine,us,REFERRAL
66,2017-11-06,Kristin,Hammond,wilsonmichael@example.org,,1,0,0,F,1992,Married,Skilled Manual,36000,2,1,High School,US,Arkansas,New Michelle,93783,ONE_SHOT,0.746,AromaDrive,us,PAID_SOCIAL
67,2017-12-04,Jeffrey,Chambers,lfrench@example.net,450.348.8899,1,1,0,M,1999,Single,Clerical,68000,2,1,Bachelors,US,Louisiana,West Danielside,17202,ONE_SHOT,0.942,FreshNest,us,PAID_SOCIAL
68,2017-12-18,Kelly,Salazar,zdaniels@example.org,001-524-606-4242x9563,0,1,1,F,1996,Divorced,Management,16000,3,1,High School,US,Louisiana,Port Timothy,59406,LOYAL_LIGHT,0.412,FreshNest,us,ORGANIC
69,2017-12-27,John,Gregory,michelle17@example.org,,1,0,0,F,1964,Single,Skilled Manual,40000,0,1,Partial High School,US,Delaware,Hoshire,91532,GROWING,0.478,AromaDrive,us,PAID_SOCIAL
70,2017-12-31,Miranda,Hughes,,,0,0,0,F,1991,Married,Manual,138000,0,0,High School,US,Kentucky,South Davidstad,53511,DECLINING,0.593,BreezeLine,us,PAID_SEARCH
71,2018-02-05,Nicholas,Lane,raymond92@example.org,441-771-5810x2131,1,1,1,F,1971,Single,Student,37000,1,1,High School,US,Mississippi,Staceyburgh,87888,CHURN_RISK,0.689,BreezeLine,us,PAID_SOCIAL
72,2018-02-07,Omar,Johnson,,(890)436-2891x7756,0,1,1,M,1981,Married,Retired,36000,2,1,Bachelors,US,Virginia,East Scott,95961,ONE_SHOT,0.912,BreezeLine,us,ORGANIC
73,2018-03-22,Marcus,,john36@example.com,,1,0,0,M,2006,Single,Skilled Manual,40000,1,1,High School,US,Vermont,Annamouth,38909,LOYAL_HEAVY,0.295,AromaDrive,us,PAID_SOCIAL
74,2018-04-04,Johnny,Thomas,,001-440-641-2091x17911,0,1,1,M,1969,Married,Skilled Manual,85000,1,1,Bachelors,US,South Carolina,Randolphborough,98382,LOYAL_HEAVY,0.094,FreshNest,us,PAID_SEARCH
75,2018-04-22,Marie,Jones,abrown@example.net,(345)397-0108x22078,0,1,1,M,1994,Single,Retired,36000,0,0,Bachelors,US,Oklahoma,Maynardshire,38537,ONE_SHOT,0.912,AromaDrive,us,PAID_SOCIAL
76,2018-05-01,,Spencer,,,0,0,0,F,1986,Single,Manual,134000,0,1,Bachelors,US,Oklahoma,South Savannah,43314,GROWING,0.598,BreezeLine,us,AFFILIATE
77,2018-05-03,Monica,Williams,carloshernandez@example.org,,1,0,0,F,1985,Single,Skilled Manual,35000,0,1,High School,US,Pennsylvania,West Kayleemouth,31860,LOYAL_HEAVY,0.067,AromaDrive,us,EMAIL
78,2018-05-04,Theresa,Cunningham,kvillarreal@example.com,498-222-7495x4508,1,1,0,F,1991,Married,Professional,54000,0,0,High School,US,Missouri,Port Monicatown,20685,GROWING,0.609,FreshNest,us,PAID_SOCIAL
79,2018-05-06,Jason,Miller,lwilliams@example.org,702.405.6981,1,1,1,F,1975,Married,Professional,25000,2,1,Bachelors,US,Oklahoma,Laceychester,66651,LOYAL_LIGHT,0.542,FreshNest,us,ORGANIC
80,2018-05-06,Javier,Diaz,pamela83@example.net,775.313.7651,0,1,1,F,1981,Married,Skilled Manual,45000,2,1,Bachelors,US,Massachusetts,Bradleyland,45102,LOYAL_LIGHT,0.46,FreshNest,us,ORGANIC
81,2018-05-24,Laura,Garrison,paulscott@example.com,(876)421-2679,1,1,1,M,1995,Married,Student,76000,2,0,Bachelors,US,Kansas,Port Kristen,61363,GROWING,0.322,FreshNest,us,PAID_SEARCH
82,2018-05-24,Michelle,,grahamtamara@example.org,,0,0,0,M,1996,Married,Management,70000,2,0,Graduate Degree,US,Oklahoma,Lake Jason,95449,DECLINING,0.649,AromaDrive,us,ORGANIC
83,2018-06-07,Anna,Cunningham,conniesimmons@example.com,,1,0,0,F,1993,Single,Student,108000,0,0,Bachelors,US,Alabama,North Bradley,17925,CHURN_RISK,0.855,AromaDrive,us,PAID_SOCIAL
84,2018-06-10,Shelby,Myers,brittanydrake@example.net,607-562-0918,1,1,1,F,1965,Divorced,Professional,48000,4,0,High School,US,Iowa,Muellermouth,99837,DECLINING,0.754,BreezeLine,us,PAID_SOCIAL
85,2018-06-17,Adam,Kim,,662.551.5381x4474,0,1,1,F,1984,Single,Professional,28000,0,1,Bachelors,US,Washington,Jacobmouth,63848,DECLINING,0.689,BreezeLine,us,PAID_SEARCH
86,2018-07-01,Justin,Simpson,,001-864-217-8996,0,1,1,F,1966,Single,Professional,68000,0,1,High School,US,Alabama,Michelletown,51963,LOYAL_LIGHT,0.393,BreezeLine,us,ORGANIC
87,2018-07-02,Jill,Levy,xgarcia@example.org,(873)758-5730,0,1,1,M,1998,Married,Student,66000,2,0,Bachelors,US,Virginia,Jamesstad,71643,LOYAL_LIGHT,0.477,AromaDrive,us,EMAIL
88,2018-07-04,,Christensen,,440-711-9393,0,1,1,M,1998,Single,Management,56000,2,0,Graduate Degree,US,Arizona,New Adamfort,62003,LOYAL_LIGHT,0.317,AromaDrive,us,PAID_SEARCH
89,2018-07-07,Sarah,,crawfordwilliam@example.org,001-431-610-9193,1,0,1,F,1980,Married,Student,75000,0,1,High School,US,Arizona,Deleontown,25789,CHURN_RISK,0.948,FreshNest,us,REFERRAL
90,2018-07-07,Joseph,Brown,lindajarvis@example.com,,1,0,0,M,1984,Married,Professional,27000,0,0,Partial College,US,Rhode Island,Shannontown,06725,GROWING,0.623,AromaDrive,us,PAID_SEARCH
91,2018-07-15,,Young,oscar85@example.com,,1,0,0,F,1983,Married,Professional,153000,1,1,High School,US,Arkansas,Mosleyberg,00774,GROWING,0.661,FreshNest,us,ORGANIC
92,2018-07-18,Ashlee,,nicolasgarcia@example.com,710-563-3016,0,1,1,M,2001,Married,Student,64000,1,1,High School,US,Washington,Sullivanstad,35507,LOYAL_HEAVY,0.169,FreshNest,us,PAID_SOCIAL
93,2018-07-29,Melissa,Clayton,katherineali@example.com,(678)453-2426,0,1,1,M,1995,Married,Professional,148000,1,0,High School,US,Utah,New Christopher,90388,DECLINING,0.682,FreshNest,us,ORGANIC
94,2018-07-30,Joseph,Butler,perezchristopher@example.org,(986)898-8649x767,0,1,0,M,1992,Married,Professional,97000,1,0,Bachelors,US,Utah,South Josephberg,09090,LOYAL_HEAVY,0.255,AromaDrive,us,PAID_SEARCH
95,2018-08-03,Paul,,qdavis@example.org,+1-751-320-8005x64099,1,1,1,M,1994,Single,Management,53000,4,0,Bachelors,US,North Carolina,Rodriguezville,57717,GROWING,0.562,FreshNest,us,ORGANIC
96,2018-08-06,Briana,Fitzgerald,rmartinez@example.net,001-403-688-4366x0443,0,1,1,M,2000,Divorced,Student,64000,0,0,Graduate Degree,US,New York,North Amandaville,70077,LOYAL_HEAVY,0.182,BreezeLine,us,ORGANIC
97,2018-08-13,Dennis,Johnston,lewischristian@example.net,001-620-708-9434x68105,1,1,1,M,1996,Divorced,Professional,34000,0,0,Bachelors,US,Delaware,Port Peterhaven,73349,ONE_SHOT,0.72,AromaDrive,us,ORGANIC
98,2018-08-14,Stacey,,,541.886.5205x7563,0,0,1,F,1999,Single,Professional,39000,0,0,Bachelors,US,Nevada,Willieland,45765,LOYAL_LIGHT,0.451,FreshNest,us,ORGANIC
99,2018-08-20,Aaron,Wood,,385-415-7919x711,0,1,0,F,1973,Single,Skilled Manual,142000,0,0,Graduate Degree,US,South Carolina,Morganfurt,74936,GROWING,0.545,AromaDrive,us,EMAIL
100,2018-08-22,Amber,Brown,warrenjohn@example.net,487.982.9310,1,1,1,F,1967,Single,Professional,50000,0,1,Partial High School,US,West Virginia,Andersonmouth,93219,DECLINING,0.756,BreezeLine,us,PAID_SOCIAL
101,2018-08-29,Bradley,Hays,,001-459-411-9186x233,0,1,1,F,1999,Married,Skilled Manual,27000,2,1,Partial College,US,Virginia,Meaganbury,99058,CHURN_RISK,0.967,BreezeLine,us,ORGANIC
102,2018-08-31,Charles,Marshall,kathleenjackson@example.org,,1,0,0,F,2001,Single,Skilled Manual,29000,1,0,Bachelors,US,Arkansas,South Shawnbury,61049,DECLINING,0.652,AromaDrive,us,ORGANIC
103,2018-09-01,Jennifer,Campbell,nancy07@example.com,897-279-4523x21941,1,1,0,F,1985,Single,Management,110000,1,1,High School,US,Wyoming,South Kenneth,70683,LOYAL_LIGHT,0.355,FreshNest,us,PAID_SOCIAL
104,2018-09-05,Jennifer,Thomas,james14@example.net,001-530-608-9317,1,1,1,F,1993,Married,Professional,55000,2,0,High School,US,Wisconsin,Port Matthewfort,32111,ONE_SHOT,0.855,FreshNest,us,ORGANIC
105,2018-09-07,Kenneth,Ponce,terrigarcia@example.net,,1,0,0,F,1984,Married,Professional,28000,3,1,Partial College,US,Idaho,Contrerasburgh,10354,GROWING,0.745,AromaDrive,us,REFERRAL
106,2018-09-14,Wanda,Perez,,001-484-922-2231x059,0,1,1,F,2001,Single,Professional,85000,1,1,High School,US,Ohio,West Gregoryborough,33305,LOYAL_LIGHT,0.223,FreshNest,us,ORGANIC
107,2018-09-19,Rodney,Curtis,brian63@example.org,462-941-1241,0,1,1,F,1994,Single,Manual,52000,0,1,Bachelors,US,Connecticut,Lake Frank,38351,LOYAL_LIGHT,0.427,FreshNest,us,PAID_SEARCH
108,2018-09-22,Melissa,Griffith,angelaburns@example.org,956-444-9485x625,1,1,1,M,1993,Married,Professional,33000,3,0,Partial College,US,Washington,Lake Katherine,01334,CHURN_RISK,0.962,FreshNest,us,AFFILIATE
109,2018-09-22,Stacy,Parker,evaughn@example.com,001-762-866-8217x19553,1,1,1,F,1999,Single,Clerical,110000,2,1,Partial High School,US,South Carolina,New Saraport,49825,CHURN_RISK,0.851,BreezeLine,us,ORGANIC
110,2018-09-29,Kevin,,,001-961-219-5243x6402,0,1,1,F,1993,Single,Management,48000,0,0,Partial High School,US,Massachusetts,Lake Susanshire,06764,LOYAL_LIGHT,0.431,FreshNest,us,AFFILIATE
111,2018-09-29,Yvonne,Ferguson,davidsmith@example.net,+1-532-497-1509x688,0,1,1,F,1978,Married,Manual,92000,2,1,Partial College,US,Rhode Island,South Kenneth,24733,GROWING,0.722,AromaDrive,us,EMAIL
112,2018-09-29,Corey,Robles,,(967)467-2095,0,1,1,F,1977,Married,Manual,28000,2,0,Bachelors,US,Florida,Jacksonborough,22644,DECLINING,0.66,FreshNest,us,AFFILIATE
113,2018-10-04,Grace,Higgins,jeffrey35@example.com,227.495.5969x0515,1,1,1,F,1990,Married,Skilled Manual,48000,3,1,Bachelors,US,New York,East Theresaside,04444,GROWING,0.38,FreshNest,us,PAID_SOCIAL
114,2018-10-06,Rebekah,Cooper,willie87@example.com,890.339.2355x5809,1,1,0,M,1986,Married,Clerical,125000,3,1,High School,US,Maine,Lake Joeside,42355,CHURN_RISK,0.964,AromaDrive,us,EMAIL
115,2018-10-16,Tammy,Rivera,brooksdanielle@example.net,7412591497,0,1,1,F,1987,Divorced,Skilled Manual,84000,0,1,Bachelors,US,Iowa,Duncanbury,23333,LOYAL_HEAVY,0.26,AromaDrive,us,PAID_SEARCH
116,2018-10-19,Jessica,Ramos,ajohnson@example.org,,0,0,0,F,2006,Married,Professional,54000,3,1,Partial College,US,North Dakota,North Justin,64720,LOYAL_LIGHT,0.395,AromaDrive,us,EMAIL
117,2018-10-23,Yolanda,Taylor,,767.389.9730x8069,0,1,1,F,1989,Single,Clerical,62000,0,1,Partial College,US,Alaska,Victoriamouth,04840,LOYAL_LIGHT,0.291,AromaDrive,us,ORGANIC
118,2018-10-25,Kathy,Brooks,rgarrison@example.org,(478)549-8436x24186,0,1,1,M,1981,Married,Student,76000,2,1,Bachelors,US,New Jersey,Lake Taylorland,90610,CHURN_RISK,0.969,AromaDrive,us,PAID_SOCIAL
119,2018-10-31,Mark,Ford,danafoster@example.net,001-907-582-6333,1,1,1,F,1998,Married,Skilled Manual,51000,0,1,Bachelors,US,Tennessee,Gallaghertown,58433,DECLINING,0.822,FreshNest,us,PAID_SEARCH
120,2018-11-04,Robert,Thomas,nielsenmelanie@example.org,986.587.6532x690,0,1,1,F,1992,Single,Professional,48000,0,1,High School,US,North Carolina,North Heidi,48079,DECLINING,0.529,AromaDrive,us,ORGANIC
121,2018-11-07,Jeanne,Campbell,williamssteven@example.org,001-789-924-1956x252,1,1,1,M,1996,Married,Professional,48000,2,1,Bachelors,US,Washington,Lake Sherriberg,53351,ONE_SHOT,0.894,FreshNest,us,ORGANIC
122,2018-11-09,Erica,Bailey,kevinsmith@example.org,338-613-0004x1321,1,1,1,M,1984,Single,Professional,43000,0,1,Partial College,US,Iowa,Deannaside,73675,CHURN_RISK,1.0,AromaDrive,us,ORGANIC
123,2018-11-10,Cheyenne,Murray,scott43@example.com,4536474916,0,1,0,M,1988,Single,Student,91000,3,1,Graduate Degree,US,Arizona,West Stephanieland,46882,DECLINING,0.725,AromaDrive,us,REFERRAL
124,2018-11-12,Anthony,,thompsonnancy@example.org,001-880-921-4629x613,1,1,0,M,1992,Single,Student,31000,2,0,Graduate Degree,US,New York,Higginsborough,93289,GROWING,0.567,AromaDrive,us,ORGANIC
125,2018-11-13,James,Hunter,stephen19@example.org,844-839-2840x445,1,0,1,M,1978,Married,Professional,52000,0,0,Bachelors,US,South Dakota,New Thomasfurt,15930,LOYAL_HEAVY,0.283,BreezeLine,us,ORGANIC
126,2018-11-17,Scott,Knapp,colematthew@example.com,+1-541-276-3425x073,1,1,0,M,2004,Married,Skilled Manual,72000,1,1,High School,US,New Hampshire,Jasonton,74762,LOYAL_HEAVY,0.213,AromaDrive,us,ORGANIC
127,2018-11-22,Andrea,Cardenas,seanmyers@example.net,(496)659-1713x5785,1,1,1,F,1993,Divorced,Professional,24000,1,0,High School,US,Texas,South Michael,87310,CHURN_RISK,0.773,BreezeLine,us,PAID_SEARCH
128,2018-11-23,Amanda,Harper,rebekahhill@example.com,(474)632-6303x975,1,0,0,M,1989,Married,Manual,77000,3,1,Bachelors,US,Rhode Island,New Holly,09255,CHURN_RISK,0.84,BreezeLine,us,ORGANIC
129,2018-11-27,Emily,Burke,samuelcarter@example.net,957-516-4794,1,1,1,M,1972,Divorced,Professional,37000,0,1,High School,US,North Dakota,South Adam,36324,DECLINING,0.668,BreezeLine,us,ORGANIC
130,2018-12-01,Jason,,johnsonmatthew@example.org,365-616-2319,0,1,1,M,1971,Married,Skilled Manual,31000,0,0,Bachelors,US,North Carolina,Cruzside,84634,DECLINING,0.7,BreezeLine,us,ORGANIC
131,2018-12-02,,Jimenez,kelleyrenee@example.net,+1-925-495-7244x6176,0,1,1,F,1989,Single,Professional,37000,3,1,High School,US,Alaska,Sarahhaven,09755,ONE_SHOT,0.797,BreezeLine,us,REFERRAL
132,2018-12-07,Loretta,Taylor,markmiller@example.com,,1,0,0,M,1983,Single,Professional,73000,2,1,High School,US,Illinois,Westfort,71184,DECLINING,0.701,AromaDrive,us,ORGANIC
133,2018-12-10,Tyler,Wright,scott22@example.net,001-223-216-6007x6762,1,1,0,F,1976,Single,Professional,69000,0,0,High School,US,Georgia,East Eddie,84378,DECLINING,0.781,BreezeLine,us,AFFILIATE
134,2018-12-12,Colleen,Harris,dennis88@example.org,,0,0,0,F,1985,Single,Skilled Manual,33000,2,0,Graduate Degree,US,Nevada,South Michelleside,05602,ONE_SHOT,0.884,BreezeLine,us,ORGANIC
135,2018-12-16,John,Hoffman,dharrison@example.org,442.964.3350,1,1,1,F,1979,Married,Student,26000,3,1,Bachelors,US,Washington,Fullerport,04112,DECLINING,0.756,BreezeLine,us,ORGANIC
136,2018-12-21,Robert,Whitney,katelynmitchell@example.com,+1-386-338-7829x45651,1,1,1,M,1989,Married,Manual,78000,3,0,Partial College,US,Mississippi,Lake Lisa,32696,LOYAL_LIGHT,0.205,AromaDrive,us,PAID_SEARCH
137,2018-12-29,Nicholas,,tparks@example.com,525.862.1689,0,0,0,M,1979,Married,Skilled Manual,124000,0,1,Partial High School,US,Rhode Island,Rachelfurt,62067,GROWING,0.421,FreshNest,us,EMAIL
138,2019-01-03,Todd,Gallegos,tflores@example.org,720-644-8207x001,1,1,1,M,1974,Single,Professional,42000,1,1,Bachelors,US,Alaska,Walkerberg,31227,LOYAL_HEAVY,0.323,AromaDrive,us,REFERRAL
139,2019-01-03,Terrance,,,(573)706-6248x132,0,0,1,F,1993,Married,Professional,53000,2,1,Bachelors,US,Arizona,West Jennifer,17624,CHURN_RISK,0.874,FreshNest,us,ORGANIC
140,2019-01-06,Scott,Bruce,vrasmussen@example.com,(250)733-3491x14152,0,1,1,M,1970,Single,Management,35000,0,1,High School,US,Texas,Tiffanyfurt,68509,GROWING,0.695,FreshNest,us,PAID_SEARCH
141,2019-01-06,Catherine,Lee,pparker@example.net,913-379-8440,1,1,1,F,1977,Single,Clerical,87000,1,0,High School,US,Texas,Tammystad,90008,CHURN_RISK,0.897,AromaDrive,us,REFERRAL
142,2019-01-08,,Wolf,wiseanthony@example.com,,0,0,0,F,1976,Married,Clerical,75000,1,0,High School,US,Nevada,South Selena,57565,GROWING,0.616,FreshNest,us,REFERRAL
143,2019-01-16,Jennifer,Campbell,hernandezheather@example.org,755.541.1082x5559,0,1,0,F,1985,Divorced,Skilled Manual,103000,0,1,Graduate Degree,US,North Dakota,South Patrick,16493,LOYAL_LIGHT,0.379,BreezeLine,us,AFFILIATE
144,2019-01-17,Heidi,Fitzgerald,tamarasmith@example.net,528-254-7815x06185,1,0,1,M,1998,Married,Clerical,106000,2,0,High School,US,Oregon,Amandatown,59564,ONE_SHOT,0.89,FreshNest,us,AFFILIATE
145,2019-01-18,Meghan,Gillespie,samanthajensen@example.com,+1-518-913-9890,0,1,1,M,1996,Single,Skilled Manual,26000,1,0,High School,US,Washington,East Richardbury,89073,ONE_SHOT,0.904,AromaDrive,us,PAID_SEARCH
146,2019-01-28,James,Watson,travisunderwood@example.net,755-999-9101,1,0,0,F,1983,Single,Skilled Manual,54000,4,1,Bachelors,US,Kentucky,North Xavier,43447,DECLINING,0.76,AromaDrive,us,ORGANIC
147,2019-01-30,Nicole,Weber,perezwilliam@example.org,388.706.5333,1,1,1,F,1993,Married,Professional,89000,0,1,Graduate Degree,US,Minnesota,West Priscilla,07323,LOYAL_LIGHT,0.48,AromaDrive,us,PAID_SEARCH
148,2019-02-01,Dustin,,imendoza@example.org,329-431-1005,1,1,1,F,1993,Single,Professional,40000,0,0,Partial College,US,Kansas,West Amandabury,34676,ONE_SHOT,0.835,AromaDrive,us,AFFILIATE
149,2019-02-03,Suzanne,Reid,bshort@example.com,+1-459-866-0487x368,1,1,1,M,1996,Single,Self-Employed,24000,2,0,Partial College,US,New Jersey,East Ryanstad,83215,LOYAL_LIGHT,0.296,FreshNest,us,AFFILIATE
150,2019-02-09,Joshua,Moore,ashleyhernandez@example.com,976-944-7264x9082,0,0,1,M,1991,Single,Clerical,134000,2,0,Bachelors,US,Nevada,West Amy,22511,DECLINING,0.664,FreshNest,us,ORGANIC
151,2019-02-09,George,Wood,weaverbrian@example.org,(944)974-2123x09407,0,1,1,M,1987,Single,Manual,62000,2,0,Bachelors,US,California,Lake Johnton,49970,ONE_SHOT,0.682,BreezeLine,us,ORGANIC
152,2019-02-09,Joyce,,troyrodriguez@example.com,578-461-7063x04891,1,1,1,F,1996,Married,Professional,52000,0,1,Partial College,US,Wisconsin,East Jason,47039,CHURN_RISK,1.0,AromaDrive,us,ORGANIC
153,2019-02-11,Joseph,Miles,ashleyatkinson@example.net,001-793-935-5486x4015,1,1,1,M,1985,Married,Professional,34000,2,0,High School,US,Hawaii,East Sarahview,86675,DECLINING,0.758,FreshNest,us,EMAIL
154,2019-02-12,Eric,Schultz,orose@example.com,,1,0,0,M,1997,Single,Professional,43000,0,1,Bachelors,US,Oklahoma,Trevorchester,02654,LOYAL_LIGHT,0.379,FreshNest,us,REFERRAL
155,2019-02-17,Nicholas,Robertson,anna99@example.com,310-860-9209,0,1,1,F,1987,Single,Management,123000,4,1,Bachelors,US,Connecticut,North Danielfurt,17475,DECLINING,0.604,AromaDrive,us,ORGANIC
156,2019-02-23,Kevin,Bennett,carolynsmith@example.com,417.783.3321x160,1,1,1,M,1984,Married,Management,54000,4,1,High School,US,New York,Moyertown,92620,LOYAL_HEAVY,0.121,AromaDrive,us,ORGANIC
157,2019-02-25,Kathleen,Lawson,acox@example.net,001-273-425-7375x53449,1,1,1,F,1996,Single,Clerical,66000,1,0,High School,US,Oklahoma,Westshire,29209,LOYAL_LIGHT,0.37,BreezeLine,us,ORGANIC
158,2019-02-26,Joshua,Farmer,rodriguezjohn@example.net,(946)971-9788,1,1,0,F,1998,Divorced,Clerical,72000,1,1,Graduate Degree,US,Vermont,Lake Daniel,02304,ONE_SHOT,0.83,BreezeLine,us,EMAIL
159,2019-02-26,Leslie,Foster,tiffany44@example.net,,1,0,0,F,1986,Single,Professional,152000,4,1,Partial High School,US,Michigan,East Amberland,69323,ONE_SHOT,1.0,FreshNest,us,REFERRAL
160,2019-03-01,Kathryn,Maynard,ldrake@example.org,(818)347-8700x5050,0,1,1,M,1977,Single,Professional,73000,1,0,Partial College,US,Virginia,Fordfurt,42913,DECLINING,0.751,FreshNest,us,ORGANIC
161,2019-03-03,April,Goodman,,001-531-934-0266x502,0,1,0,F,1987,Single,Student,16000,0,1,Partial College,US,Alabama,Mallorybury,25949,ONE_SHOT,1.0,BreezeLine,us,PAID_SOCIAL
162,2019-03-07,Randy,Estrada,michelle96@example.org,,1,0,0,M,1994,Divorced,Management,97000,4,1,Bachelors,US,Virginia,New Timothyshire,97181,GROWING,0.74,FreshNest,us,PAID_SOCIAL
163,2019-03-14,Sydney,Nolan,byrdjorge@example.org,001-937-468-1511x856,0,1,1,M,2001,Single,Management,157000,1,0,Partial College,US,Kansas,Raymondberg,77520,GROWING,0.539,BreezeLine,us,PAID_SOCIAL
164,2019-03-16,Vanessa,Richardson,qburns@example.com,,1,0,0,M,1967,Single,Skilled Manual,68000,0,1,High School,US,South Carolina,Lake Glenn,28611,ONE_SHOT,0.906,FreshNest,us,EMAIL
165,2019-03-20,Tracy,Herrera,xboyd@example.org,405.974.2388x565,0,1,1,F,1979,Married,Professional,115000,0,0,Partial High School,US,Connecticut,South Isaiah,60712,ONE_SHOT,0.834,BreezeLine,us,ORGANIC
166,2019-03-24,John,,howardwesley@example.com,485.444.5770,0,1,0,F,1993,Single,Manual,25000,1,0,Graduate Degree,US,Oregon,Shawnland,60069,LOYAL_LIGHT,0.384,BreezeLine,us,ORGANIC
167,2019-03-25,Zoe,Butler,rguerrero@example.org,451.630.5231,0,1,1,F,1998,Single,Skilled Manual,49000,2,1,Bachelors,US,Idaho,East Kathyport,13668,ONE_SHOT,0.917,BreezeLine,us,ORGANIC
168,2019-03-31,Jeffrey,Kane,,591-496-5701,0,0,1,M,1977,Divorced,Manual,71000,0,0,Bachelors,US,South Carolina,North Elizabethmouth,95911,LOYAL_LIGHT,0.365,BreezeLine,us,PAID_SOCIAL
169,2019-04-03,Kenneth,Ballard,blopez@example.org,530.962.6042x3597,0,1,1,F,1979,Divorced,Professional,63000,0,1,Graduate Degree,US,Alabama,Danbury,64145,DECLINING,0.729,FreshNest,us,AFFILIATE
170,2019-04-04,Tracey,Lane,ttaylor@example.org,+1-264-963-1752,1,1,1,M,1994,Married,Professional,42000,0,1,Partial High School,US,Illinois,New Elizabeth,69678,DECLINING,0.724,FreshNest,us,ORGANIC
171,2019-04-05,,Clark,,,0,0,0,M,1961,Married,Professional,114000,1,1,High School,US,Hawaii,Lake Kathleenmouth,89805,ONE_SHOT,0.615,AromaDrive,us,PAID_SOCIAL
172,2019-04-05,Jeffrey,Smith,cameronmckinney@example.com,258.595.5168x740,0,1,1,F,1984,Divorced,Clerical,19000,1,1,Partial High School,US,California,New Grant,21746,ONE_SHOT,0.802,BreezeLine,us,PAID_SOCIAL
173,2019-04-08,Christopher,Brown,lopezdonald@example.com,4336521103,0,1,1,M,1991,Married,Clerical,114000,1,0,High School,US,Nebraska,North Melanie,93879,ONE_SHOT,0.786,BreezeLine,us,AFFILIATE
174,2019-04-12,James,Wise,ysnyder@example.com,+1-886-515-1554x23401,0,1,0,F,1987,Single,Skilled Manual,61000,4,1,High School,US,Florida,Higginsberg,42459,LOYAL_LIGHT,0.382,AromaDrive,us,REFERRAL
175,2019-04-12,Kathy,Bruce,smithjohn@example.net,(669)878-9307,1,1,0,F,1990,Single,Skilled Manual,83000,0,1,Bachelors,US,Kentucky,Brandonchester,40543,GROWING,0.544,AromaDrive,us,ORGANIC
176,2019-04-21,,Garcia,dawsontanya@example.com,+1-667-362-9160x324,1,1,1,F,1994,Single,Skilled Manual,72000,0,0,Partial High School,US,Kentucky,Tinaville,25672,DECLINING,0.772,BreezeLine,us,PAID_SOCIAL
177,2019-05-01,John,Becker,michael64@example.com,001-715-995-9194x5757,1,1,0,F,1976,Single,Clerical,27000,1,1,Partial College,US,Florida,Clarkview,10865,CHURN_RISK,0.914,BreezeLine,us,EMAIL
178,2019-05-04,Rachael,Clark,trussell@example.com,361.953.9669x5832,1,1,1,M,1993,Divorced,Manual,43000,0,1,Bachelors,US,Washington,East Micheleview,63764,ONE_SHOT,0.872,AromaDrive,us,PAID_SOCIAL
179,2019-05-04,,,,,0,0,0,F,2003,Married,Manual,36000,3,0,High School,US,Maryland,Lake David,24920,LOYAL_LIGHT,0.408,BreezeLine,us,EMAIL
180,2019-05-10,Brenda,Jacobs,eugenewalker@example.com,+1-442-222-9464x30394,0,1,1,F,1995,Divorced,Student,27000,0,0,High School,US,California,Lake Autumnton,83354,LOYAL_HEAVY,0.244,BreezeLine,us,REFERRAL
181,2019-05-10,Tanya,Ewing,,+1-270-371-3984x82285,0,1,1,M,2004,Married,Skilled Manual,46000,0,0,High School,US,Nebraska,South Matthewton,33723,GROWING,0.48,BreezeLine,us,PAID_SOCIAL
182,2019-05-13,Derek,Barnes,wellsdavid@example.org,,1,0,0,M,1978,Married,Skilled Manual,61000,0,0,High School,US,Maryland,Elizabethland,26563,LOYAL_HEAVY,0.25,AromaDrive,us,ORGANIC
183,2019-05-13,Catherine,Evans,brittanybryant@example.net,+1-478-265-6194x25577,0,0,1,M,1998,Single,Professional,77000,1,0,Bachelors,US,Minnesota,Simmonshaven,05056,GROWING,0.797,FreshNest,us,REFERRAL
184,2019-05-17,Michele,Davis,ashleyjackson@example.com,(827)630-1471x95979,0,0,1,M,1987,Married,Skilled Manual,29000,0,1,Bachelors,US,Nevada,West Amanda,38964,DECLINING,0.618,BreezeLine,us,ORGANIC
185,2019-05-19,Monica,Randall,vmullen@example.com,001-532-269-4968x43645,0,1,1,M,1987,Single,Manual,109000,1,1,Graduate Degree,US,New Mexico,South Nathan,36002,LOYAL_LIGHT,0.437,BreezeLine,us,ORGANIC
186,2019-05-20,Charles,Smith,rsellers@example.net,560.612.2777x0793,1,1,1,F,1967,Married,Clerical,50000,0,1,Bachelors,US,Florida,South Tracyborough,29403,GROWING,0.552,BreezeLine,us,ORGANIC
187,2019-05-20,Vanessa,Cohen,,001-660-760-6527x40334,0,1,1,F,1984,Single,Professional,93000,0,0,Bachelors,US,South Carolina,South Maryland,94997,CHURN_RISK,0.979,BreezeLine,us,PAID_SOCIAL
188,2019-05-21,Steven,Bauer,walkercharlene@example.com,+1-846-833-7861x37157,0,1,1,M,1991,Single,Professional,41000,0,1,Graduate Degree,US,Illinois,Ramirezhaven,07931,DECLINING,0.755,FreshNest,us,EMAIL
189,2019-05-25,John,Sanchez,,+1-354-953-8179x217,0,1,1,F,1987,Single,Professional,93000,4,0,Partial College,US,Georgia,Simonview,19140,ONE_SHOT,0.918,BreezeLine,us,ORGANIC
190,2019-06-07,,Morales,lisa46@example.org,+1-407-390-3202x0417,1,1,1,M,2000,Single,Skilled Manual,144000,0,1,Bachelors,US,Nebraska,Port Kristaview,12719,ONE_SHOT,0.833,AromaDrive,us,REFERRAL
191,2019-06-09,Daniel,,christopher70@example.com,2996384253,1,1,0,M,1987,Married,Professional,106000,0,1,High School,US,Alaska,Justinburgh,94171,LOYAL_LIGHT,0.476,BreezeLine,us,ORGANIC
192,2019-06-15,Stephanie,Taylor,,5517405468,0,1,1,M,1990,Single,Student,53000,1,1,High School,US,Georgia,Joelside,31493,ONE_SHOT,0.807,AromaDrive,us,REFERRAL
193,2019-06-15,Andrea,Higgins,katherinetaylor@example.org,001-760-385-8749,0,1,1,F,1981,Single,Skilled Manual,108000,0,0,Partial College,US,Iowa,Tammymouth,50652,LOYAL_HEAVY,0.22,AromaDrive,us,ORGANIC
194,2019-06-16,Diana,Martin,terriortiz@example.net,(283)821-5285,0,1,1,M,2001,Single,Professional,51000,0,1,High School,US,Colorado,West Richardview,90215,DECLINING,0.694,FreshNest,us,PAID_SEARCH
195,2019-06-21,Charles,Murphy,courtney67@example.org,(873)783-9597x246,1,1,1,F,1985,Divorced,Professional,89000,1,0,Bachelors,US,Connecticut,South Stephanie,58038,GROWING,0.576,AromaDrive,us,EMAIL
196,2019-06-28,,Reese,allentran@example.net,330-409-1093x911,1,1,0,F,1998,Married,Management,117000,3,1,High School,US,California,Port Cheyenneberg,61100,GROWING,0.423,AromaDrive,us,PAID_SEARCH
197,2019-07-01,Kendra,Brown,xglover@example.org,471.400.9438,1,1,1,M,1983,Married,Self-Employed,40000,0,1,High School,US,Nevada,North Andre,24320,GROWING,0.581,BreezeLine,us,PAID_SOCIAL
198,2019-07-04,Amanda,Jordan,zbell@example.net,797-226-3475x57522,0,1,1,M,1975,Single,Professional,87000,4,1,Bachelors,US,Maryland,East Kristina,43889,GROWING,0.602,AromaDrive,us,PAID_SOCIAL
199,2019-07-07,Corey,Lewis,donna66@example.org,+1-716-578-1126x69121,0,1,0,F,1981,Single,Skilled Manual,80000,0,1,Partial College,US,Pennsylvania,Maxfurt,54442,CHURN_RISK,0.674,FreshNest,us,ORGANIC
200,2019-07-08,John,Taylor,champton@example.org,001-251-347-4397x42925,1,1,1,M,1999,Single,Professional,73000,1,0,High School,US,Mississippi,Lucasborough,86738,LOYAL_LIGHT,0.377,BreezeLine,us,ORGANIC
201,2019-07-13,Michael,Beck,rioswhitney@example.com,573-615-8477x686,1,1,0,M,1999,Single,Professional,41000,0,0,Partial High School,US,Utah,West Andrewside,52246,ONE_SHOT,0.709,BreezeLine,us,ORGANIC
202,2019-07-15,Cheryl,Drake,amy29@example.com,856-953-2863x266,1,1,0,M,1974,Married,Skilled Manual,52000,3,0,Partial High School,US,Missouri,Alyssafurt,74294,LOYAL_LIGHT,0.334,AromaDrive,us,REFERRAL
203,2019-07-21,Karen,Jenkins,,9962348079,0,1,1,M,1997,Married,Professional,35000,2,1,Bachelors,US,Oregon,West Paul,23026,CHURN_RISK,0.744,BreezeLine,us,EMAIL
204,2019-07-27,Chelsea,Leon,,810-828-7675x48138,0,1,1,F,1990,Single,Skilled Manual,71000,1,1,Graduate Degree,US,Vermont,West Alexander,83649,GROWING,0.576,BreezeLine,us,REFERRAL
205,2019-07-29,Katherine,Evans,haynesjose@example.com,,0,0,0,M,1988,Married,Clerical,51000,0,1,Bachelors,US,Nebraska,Port Mistyville,64313,DECLINING,0.772,BreezeLine,us,REFERRAL
206,2019-08-03,Kyle,,fwalker@example.com,,0,0,0,F,1990,Married,Clerical,128000,0,1,High School,US,Georgia,Annshire,94526,CHURN_RISK,0.836,BreezeLine,us,ORGANIC
207,2019-08-04,Jacob,Osborne,,509.778.8754x39435,0,1,1,F,1978,Married,Professional,38000,3,0,Partial College,US,New Hampshire,Hortonside,41345,ONE_SHOT,0.823,BreezeLine,us,ORGANIC
208,2019-08-06,,Martinez,susan24@example.net,001-874-872-2640x85721,0,1,1,F,1978,Single,Skilled Manual,28000,0,0,Graduate Degree,US,North Carolina,Port Stevenmouth,41704,ONE_SHOT,0.915,FreshNest,us,AFFILIATE
209,2019-08-10,Teresa,Torres,,(220)655-5438x4046,0,1,1,F,1975,Single,Professional,35000,1,0,Partial College,US,Kansas,Michaelview,94208,CHURN_RISK,0.808,AromaDrive,us,ORGANIC
210,2019-08-17,Caroline,Ellis,,001-211-745-7758x47457,0,1,0,M,1984,Single,Retired,28000,3,0,High School,US,Rhode Island,Simmonschester,33761,GROWING,0.54,BreezeLine,us,PAID_SOCIAL
211,2019-08-21,John,Stephenson,franciscojones@example.org,,1,0,0,F,1990,Divorced,Student,68000,0,1,High School,US,Montana,Erintown,84852,LOYAL_LIGHT,0.212,AromaDrive,us,ORGANIC
212,2019-08-27,Eric,Hoffman,gregorychase@example.com,,1,0,0,F,1978,Single,Professional,98000,2,1,Bachelors,US,South Carolina,Walkermouth,22212,DECLINING,0.775,AromaDrive,us,ORGANIC
213,2019-09-01,Michelle,Rodriguez,gibbsmichael@example.net,384.227.1147x7320,1,1,1,M,1990,Married,Clerical,63000,0,1,High School,US,Vermont,Garzaview,17303,GROWING,0.628,BreezeLine,us,ORGANIC
214,2019-09-02,Robert,Murphy,,,0,0,0,M,1972,Divorced,Manual,71000,1,1,Bachelors,US,Arkansas,East Barryborough,36807,LOYAL_LIGHT,0.296,BreezeLine,us,EMAIL
215,2019-09-07,Aaron,Li,riverachristina@example.org,(568)363-3414x1115,1,1,1,M,1992,Single,Skilled Manual,74000,0,1,Bachelors,US,Kansas,South Michellefort,53596,ONE_SHOT,0.698,FreshNest,us,ORGANIC
216,2019-09-11,Michael,Khan,colemanjonathan@example.org,439-848-8488,1,1,1,M,1993,Single,Professional,56000,0,1,Bachelors,US,Oregon,North Alexiston,05722,CHURN_RISK,0.914,AromaDrive,us,PAID_SOCIAL
217,2019-09-12,Cynthia,,,,0,0,0,M,1987,Single,Manual,49000,0,0,Graduate Degree,US,Illinois,North Lindsey,79489,DECLINING,0.781,AromaDrive,us,ORGANIC
218,2019-09-12,Tanya,,,+1-687-882-0829x737,0,1,1,F,1988,Married,Student,46000,2,1,Bachelors,US,Idaho,West Donaldview,56357,ONE_SHOT,0.763,BreezeLine,us,PAID_SEARCH
219,2019-09-18,,,daniellegarcia@example.com,(597)358-5988,1,1,1,F,1988,Single,Retired,19000,0,0,Bachelors,US,Kansas,Davisburgh,71800,LOYAL_LIGHT,0.289,AromaDrive,us,PAID_SEARCH
220,2019-09-19,Travis,,xglass@example.org,+1-903-629-6334x7272,1,1,1,F,1955,Married,Professional,69000,0,1,Graduate Degree,US,Wyoming,Loganburgh,55385,DECLINING,0.836,BreezeLine,us,PAID_SEARCH
221,2019-09-19,Jennifer,Erickson,laurengutierrez@example.com,862.271.8749,0,1,1,F,1998,Married,Skilled Manual,19000,1,1,Partial College,US,Georgia,New Paulburgh,74882,LOYAL_LIGHT,0.324,BreezeLine,us,ORGANIC
222,2019-09-20,Danielle,Williams,ugill@example.org,,1,0,0,M,1989,Single,Management,33000,0,1,Bachelors,US,Pennsylvania,Markton,11294,GROWING,0.507,BreezeLine,us,ORGANIC
223,2019-09-20,Richard,Mejia,davidzimmerman@example.net,,1,0,0,F,1987,Single,Manual,19000,1,1,Partial College,US,Vermont,North Jonathanton,98282,ONE_SHOT,0.856,FreshNest,us,EMAIL
224,2019-09-26,Elizabeth,Long,christopher06@example.com,(439)772-8351,1,1,1,F,1967,Married,Self-Employed,72000,2,0,Bachelors,US,Oklahoma,New Nathan,72669,DECLINING,0.557,BreezeLine,us,PAID_SEARCH
225,2019-10-04,Donna,Jones,susanfleming@example.com,(449)469-0282x49839,0,1,0,F,1993,Married,Professional,61000,0,1,Partial High School,US,Alaska,East Jerrytown,08762,GROWING,0.482,BreezeLine,us,ORGANIC
226,2019-10-04,Erica,Jenkins,rosshannah@example.org,574-585-9532x59399,1,1,1,M,1977,Married,Skilled Manual,17000,3,0,Partial College,US,Illinois,Debrashire,32982,ONE_SHOT,0.967,FreshNest,us,REFERRAL
227,2019-10-06,Dana,Clark,regina78@example.org,001-704-782-3571,0,1,1,F,1989,Single,Student,52000,1,1,Partial College,US,Delaware,New Jacobfort,66779,LOYAL_LIGHT,0.413,AromaDrive,us,ORGANIC
228,2019-10-10,Anthony,Turner,,(352)389-2866x46491,0,1,1,M,1989,Married,Clerical,32000,2,1,Bachelors,US,Indiana,Jonesburgh,95915,DECLINING,0.72,AromaDrive,us,REFERRAL
229,2019-10-19,Maria,Ryan,brianrowe@example.org,373.912.6881x2282,0,0,1,M,1995,Married,Professional,39000,0,1,Bachelors,US,Indiana,New Jennifershire,77955,LOYAL_LIGHT,0.31,FreshNest,us,REFERRAL
230,2019-10-20,Stanley,Diaz,meyernicholas@example.org,(614)299-1537x0382,0,1,1,F,1973,Single,Self-Employed,86000,2,1,Bachelors,US,Delaware,Johnberg,12085,GROWING,0.353,AromaDrive,us,ORGANIC
231,2019-10-27,Jeremy,,johnsondonna@example.net,801.207.1396,1,1,1,F,1985,Single,Student,21000,1,1,Bachelors,US,Mississippi,Rossmouth,27330,CHURN_RISK,0.789,AromaDrive,us,REFERRAL
232,2019-11-01,Andrea,Jimenez,todd59@example.net,001-773-999-7046x9472,1,1,1,M,1989,Divorced,Clerical,42000,1,1,Bachelors,US,New Jersey,East Bradley,09791,ONE_SHOT,0.793,FreshNest,us,PAID_SOCIAL
233,2019-11-05,Jonathon,Wright,,001-286-986-6943x20293,0,0,1,F,1988,Married,Professional,33000,0,1,Partial College,US,Mississippi,Jessicachester,42093,GROWING,0.631,AromaDrive,us,AFFILIATE
234,2019-11-28,Courtney,Rosales,,435.943.9627x365,0,1,1,F,2000,Single,Skilled Manual,56000,0,0,Graduate Degree,US,California,Port Markmouth,27809,ONE_SHOT,0.806,BreezeLine,us,PAID_SOCIAL
235,2019-12-02,Maria,Davis,jeffreyanderson@example.org,492.564.9578,0,1,1,F,1980,Single,Skilled Manual,156000,2,0,Bachelors,US,Missouri,South Jennifertown,75429,GROWING,0.62,BreezeLine,us,PAID_SEARCH
236,2019-12-03,Debra,Gibson,,685-756-6593x98368,0,1,0,F,1995,Single,Skilled Manual,77000,2,1,Bachelors,US,Delaware,Kimmouth,18815,CHURN_RISK,0.996,FreshNest,us,PAID_SOCIAL
237,2019-12-06,Troy,Fletcher,ohughes@example.com,+1-662-944-0630x624,1,1,1,F,1975,Married,Skilled Manual,24000,0,0,Partial High School,US,Nevada,West Kendraborough,55510,LOYAL_HEAVY,0.273,BreezeLine,us,ORGANIC
238,2019-12-10,Sandra,Aguirre,gabriel90@example.net,700-790-2559x05616,0,1,1,M,1987,Divorced,Manual,36000,3,0,Bachelors,US,Delaware,Lake Deborah,48834,GROWING,0.679,FreshNest,us,PAID_SOCIAL
239,2019-12-11,Samuel,Chavez,lauren11@example.com,,0,0,0,F,1998,Married,Student,23000,1,0,High School,US,Vermont,West Ethan,70599,LOYAL_LIGHT,0.436,BreezeLine,us,ORGANIC
240,2019-12-14,Joshua,Grimes,olsontimothy@example.org,465-829-0603x20203,0,1,1,M,1997,Married,Student,24000,0,1,High School,US,Rhode Island,Port David,72688,CHURN_RISK,0.899,BreezeLine,us,ORGANIC
241,2019-12-18,Christopher,Miller,,(976)917-0758,0,1,1,M,1993,Married,Clerical,34000,4,0,High School,US,Wisconsin,South Heatherstad,59792,GROWING,0.529,BreezeLine,us,PAID_SEARCH
242,2019-12-18,Alec,Cook,ricetiffany@example.com,+1-865-339-8402x89141,1,1,1,F,2003,Married,Skilled Manual,60000,0,0,Partial College,US,New Jersey,Lake Carolhaven,95036,GROWING,0.369,AromaDrive,us,ORGANIC
243,2019-12-19,Denise,Villegas,,220.384.9649x856,0,0,1,F,1968,Single,Manual,29000,0,1,Bachelors,US,Illinois,Andersonshire,92333,ONE_SHOT,1.0,BreezeLine,us,PAID_SOCIAL
244,2019-12-22,Joseph,,,(778)257-6084,0,1,1,M,1962,Single,Professional,72000,0,0,High School,US,Minnesota,Millerport,67683,GROWING,0.515,AromaDrive,us,PAID_SOCIAL
245,2019-12-23,Laura,,timothyfreeman@example.com,736.226.8040,1,1,1,F,1992,Married,Student,22000,0,1,High School,US,Wisconsin,Randallberg,69603,LOYAL_LIGHT,0.392,BreezeLine,us,ORGANIC
246,2019-12-25,Charles,,hstokes@example.org,(815)558-1083x5832,0,1,0,F,2001,Married,Professional,87000,3,1,Bachelors,US,Illinois,Freyberg,10873,CHURN_RISK,0.849,AromaDrive,us,REFERRAL
247,2019-12-29,Alexandra,,wolfscott@example.org,,1,0,0,F,2000,Married,Professional,63000,3,1,High School,US,Rhode Island,Oliviaburgh,70342,LOYAL_LIGHT,0.375,FreshNest,us,PAID_SEARCH
248,2019-12-29,Vanessa,Jones,patricia00@example.org,250.872.0811x55626,1,1,1,F,1977,Married,Student,40000,4,0,Bachelors,US,North Carolina,East Robertview,30365,ONE_SHOT,0.82,BreezeLine,us,PAID_SOCIAL
249,2020-01-01,Mark,Owen,vflores@example.com,+1-485-417-2444x723,1,1,1,F,1993,Married,Student,71000,2,1,Bachelors,US,Alaska,Lake Keith,74847,LOYAL_LIGHT,0.346,FreshNest,us,EMAIL
250,2020-01-03,Jason,Lucas,grant89@example.com,+1-820-515-7201x85962,0,1,1,F,1989,Married,Manual,77000,2,0,Bachelors,US,New Jersey,West Ashley,99455,GROWING,0.626,AromaDrive,us,REFERRAL
251,2020-01-10,Jessica,Schmitt,bentonsteven@example.net,(638)236-1517x18275,1,1,0,M,1976,Married,Professional,87000,0,1,Bachelors,US,Utah,East Joann,67306,DECLINING,0.711,BreezeLine,us,EMAIL
252,2020-01-10,Christina,Collins,gregory01@example.org,993-428-9802x7148,1,1,0,M,1997,Single,Professional,62000,0,1,Bachelors,US,Oregon,Johnsonbury,98840,ONE_SHOT,0.864,BreezeLine,us,REFERRAL
253,2020-01-11,David,Miller,,,0,0,0,F,1982,Single,Skilled Manual,147000,0,1,Partial College,US,Texas,West David,73572,DECLINING,0.756,BreezeLine,us,ORGANIC
254,2020-01-12,Joseph,Shaw,,797.432.7819,0,1,0,M,1972,Single,Clerical,18000,0,0,Bachelors,US,Florida,New Jenniferfurt,57614,DECLINING,0.782,AromaDrive,us,PAID_SOCIAL
255,2020-01-14,Holly,Martin,jonesgregory@example.com,(581)654-6602x4161,1,1,1,F,2001,Single,Self-Employed,69000,0,0,High School,US,Maine,Lake Marybury,00708,ONE_SHOT,0.818,AromaDrive,us,ORGANIC
256,2020-01-17,Elijah,Myers,staceylam@example.net,(295)296-3904,0,1,1,F,2000,Married,Skilled Manual,49000,1,0,Partial College,US,Indiana,Paulberg,04045,DECLINING,0.43,FreshNest,us,ORGANIC
257,2020-01-17,Melissa,Rogers,kchurch@example.com,+1-979-964-9673x7945,1,1,0,M,1977,Single,Self-Employed,95000,0,1,Partial College,US,Utah,East Katrina,03504,LOYAL_LIGHT,0.485,AromaDrive,us,ORGANIC
258,2020-01-20,Kenneth,Peterson,,828.409.4485,0,1,0,M,1995,Married,Professional,94000,1,1,Partial High School,US,New Mexico,North Anthonyberg,89946,GROWING,0.495,FreshNest,us,EMAIL
259,2020-01-22,Paul,Bates,,,0,0,0,M,1985,Single,Management,46000,1,0,Graduate Degree,US,Tennessee,Leeburgh,89198,LOYAL_LIGHT,0.315,BreezeLine,us,AFFILIATE
260,2020-01-24,Brittney,Arnold,,,0,0,0,M,2005,Single,Management,83000,0,1,Graduate Degree,US,New Mexico,West Victoriamouth,76362,LOYAL_HEAVY,0.278,FreshNest,us,AFFILIATE
261,2020-01-29,Brandy,Wilson,adamsamy@example.com,261.374.2243x864,1,1,0,F,2003,Married,Clerical,36000,3,1,Bachelors,US,Louisiana,South Jermaineburgh,94046,GROWING,0.554,BreezeLine,us,ORGANIC
262,2020-01-30,Victoria,Barr,,439.870.5195,0,1,1,M,1999,Married,Management,56000,1,0,Bachelors,US,Massachusetts,North Sarastad,85576,DECLINING,0.638,BreezeLine,us,PAID_SEARCH
263,2020-02-02,Destiny,Hensley,ksmith@example.com,001-602-490-8466x84550,0,1,1,F,1995,Single,Clerical,59000,0,1,Bachelors,US,Mississippi,Miketon,41149,LOYAL_LIGHT,0.454,AromaDrive,us,PAID_SOCIAL
264,2020-02-10,Cynthia,,marykelly@example.org,607.895.5151x229,1,1,0,M,1985,Single,Professional,275000,0,0,Partial College,US,Colorado,Taylorville,39235,DECLINING,0.944,FreshNest,us,REFERRAL
265,2020-02-12,Michelle,Turner,shawrachel@example.org,,0,0,0,M,1968,Married,Manual,70000,0,0,Bachelors,US,Iowa,South Brandon,85060,LOYAL_LIGHT,0.315,AromaDrive,us,REFERRAL
266,2020-02-12,Christine,Hernandez,victorclark@example.net,+1-944-221-0175x0961,1,1,1,F,1995,Divorced,Retired,70000,3,0,Bachelors,US,Missouri,Hugheshaven,08834,CHURN_RISK,0.799,BreezeLine,us,ORGANIC
267,2020-02-12,Christine,Bush,,+1-568-963-9561,0,1,0,F,1994,Single,Skilled Manual,113000,2,0,Bachelors,US,Missouri,Port Melissa,05557,DECLINING,0.604,FreshNest,us,PAID_SEARCH
268,2020-02-13,Tina,Murphy,deborahjenkins@example.org,,1,0,0,F,2000,Single,Skilled Manual,41000,0,0,High School,US,Arkansas,East Elizabethland,01775,GROWING,0.479,FreshNest,us,PAID_SOCIAL
269,2020-02-15,Christopher,Bryan,dannylambert@example.net,(249)513-5779,1,1,1,F,1985,Single,Clerical,35000,3,1,Partial High School,US,Oklahoma,New Frank,80589,CHURN_RISK,0.877,BreezeLine,us,REFERRAL
270,2020-02-19,Jeremy,Jones,,,0,0,0,M,2003,Divorced,Professional,62000,0,0,High School,US,Oklahoma,New Derekfort,72800,CHURN_RISK,0.769,FreshNest,us,ORGANIC
271,2020-02-28,Casey,,,232.275.9980x111,0,1,1,M,2002,Single,Clerical,36000,4,1,High School,US,Georgia,South Jesusfurt,11525,DECLINING,0.57,BreezeLine,us,PAID_SOCIAL
272,2020-03-02,David,Martinez,elucas@example.net,(808)663-2181x227,1,1,1,F,1982,Married,Skilled Manual,54000,0,1,Partial High School,US,California,Hendersonland,02210,DECLINING,0.699,AromaDrive,us,PAID_SOCIAL
273,2020-03-07,Rodney,,nicholas65@example.org,290-383-3428,0,1,0,F,1990,Married,Professional,62000,2,0,Graduate Degree,US,Idaho,North Matthew,85499,LOYAL_LIGHT,0.336,AromaDrive,us,ORGANIC
274,2020-03-12,Danielle,,barbarasantos@example.net,,1,0,0,F,2003,Divorced,Clerical,79000,0,0,Graduate Degree,US,Delaware,Samanthaberg,10908,LOYAL_LIGHT,0.212,BreezeLine,us,REFERRAL
275,2020-03-16,Allison,Guerrero,,+1-789-849-0580x77879,0,1,1,M,2002,Single,Manual,82000,2,1,Partial College,US,Alaska,Moorefort,44250,ONE_SHOT,0.918,FreshNest,us,AFFILIATE
276,2020-03-17,Jose,Collins,juliephillips@example.org,,1,0,0,F,1991,Single,Professional,63000,0,1,Graduate Degree,US,Maine,Benjaminton,31803,ONE_SHOT,0.72,FreshNest,us,PAID_SOCIAL
277,2020-03-19,Todd,,enelson@example.net,573.497.7406x33569,0,1,1,F,1987,Divorced,Skilled Manual,47000,1,1,Graduate Degree,US,Kansas,East Stephaniemouth,52533,LOYAL_HEAVY,0.236,BreezeLine,us,PAID_SOCIAL
278,2020-03-28,Darrell,Alvarez,mooregina@example.net,546.972.9949,0,1,1,F,1984,Single,Clerical,63000,0,0,Graduate Degree,US,Indiana,Cooperland,02458,GROWING,0.428,FreshNest,us,PAID_SOCIAL
279,2020-03-28,Thomas,Johnson,,(611)328-4971x8594,0,1,0,F,1993,Married,Student,47000,1,1,High School,US,Kansas,Lake Colleen,48824,GROWING,0.504,AromaDrive,us,AFFILIATE
280,2020-04-01,Erin,,randyallen@example.com,705.212.9276x63723,1,1,1,F,1969,Single,Professional,87000,2,0,Bachelors,US,Ohio,Port Joanberg,56670,GROWING,0.445,FreshNest,us,REFERRAL
281,2020-04-04,Victoria,,,001-216-470-4502x329,0,1,1,F,1999,Single,Clerical,64000,2,1,Graduate Degree,US,Iowa,Lovestad,41805,DECLINING,0.769,FreshNest,us,ORGANIC
282,2020-04-08,Amanda,Johnson,petersenlatoya@example.net,889.353.6902x61139,1,1,1,F,1998,Married,Clerical,37000,2,1,Partial High School,US,Kentucky,South Courtney,72055,LOYAL_HEAVY,0.295,FreshNest,us,REFERRAL
283,2020-04-16,William,Reyes,barnettlindsey@example.com,+1-543-996-1129x1093,0,1,1,F,1990,Single,Skilled Manual,82000,2,0,Graduate Degree,US,Wisconsin,Hoffmanberg,63155,DECLINING,0.759,FreshNest,us,PAID_SOCIAL
284,2020-04-16,William,,,,0,0,0,F,2000,Married,Professional,31000,0,1,Bachelors,US,Michigan,Colemanport,82661,GROWING,0.374,FreshNest,us,ORGANIC
285,2020-04-16,Levi,,scottpatrick@example.org,739.639.5786,1,0,0,M,1976,Married,Professional,72000,0,0,Partial College,US,Ohio,Port Tammy,36664,LOYAL_LIGHT,0.285,BreezeLine,us,ORGANIC
286,2020-04-22,Karen,Santos,,642.581.1390,0,1,1,F,1983,Single,Professional,23000,2,0,High School,US,Hawaii,Lake Robert,13714,CHURN_RISK,0.908,BreezeLine,us,ORGANIC
287,2020-04-23,Matthew,Matthews,eric08@example.net,517-758-8914x44498,0,1,1,F,1999,Married,Skilled Manual,31000,1,1,Bachelors,US,New Jersey,Bullockfurt,70228,GROWING,0.667,FreshNest,us,PAID_SOCIAL
288,2020-04-24,Sherri,Charles,,001-696-829-1450,0,1,0,M,1988,Single,Management,84000,0,0,Bachelors,US,Hawaii,Jameshaven,01950,LOYAL_HEAVY,0.222,BreezeLine,us,PAID_SOCIAL
289,2020-04-24,Amber,Mack,anthony47@example.com,,1,0,0,M,1999,Married,Clerical,52000,0,1,High School,US,Kansas,East Morgantown,09149,ONE_SHOT,0.71,BreezeLine,us,REFERRAL
290,2020-04-29,Krystal,Reed,kari89@example.org,+1-235-477-8811x6162,1,1,1,F,1991,Single,Clerical,20000,0,1,High School,US,California,Port James,15102,LOYAL_LIGHT,0.113,BreezeLine,us,ORGANIC
291,2020-04-30,,Thomas,anthonycochran@example.com,,0,0,0,F,1990,Single,Manual,19000,0,0,High School,US,Connecticut,Lake John,52714,LOYAL_HEAVY,0.342,AromaDrive,us,PAID_SOCIAL
292,2020-05-02,Stephen,Turner,jacquelineanderson@example.org,001-660-250-1667,1,1,1,M,1993,Single,Professional,38000,2,1,High School,US,California,New Dylanmouth,55829,CHURN_RISK,1.0,BreezeLine,us,ORGANIC
293,2020-05-02,Lynn,,jennifer58@example.com,5474350476,1,1,1,M,1982,Married,Clerical,87000,0,1,Bachelors,US,Wisconsin,Holdertown,70867,DECLINING,0.743,AromaDrive,us,PAID_SOCIAL
294,2020-05-06,Spencer,,mclaughlinnicole@example.com,001-777-965-6124x81569,1,1,1,F,1988,Married,Retired,46000,0,0,Bachelors,US,New Mexico,Bradleytown,25852,CHURN_RISK,0.932,BreezeLine,us,ORGANIC
295,2020-05-11,Jesse,Barnes,starkdaniel@example.net,+1-965-969-9988x081,1,1,1,F,1998,Married,Professional,61000,0,1,Bachelors,US,North Dakota,South Larry,09253,LOYAL_HEAVY,0.262,BreezeLine,us,EMAIL
296,2020-05-11,Kimberly,Rios,dsalazar@example.com,,0,0,0,M,1986,Married,Manual,49000,0,0,Bachelors,US,North Carolina,East Catherine,19884,GROWING,0.415,FreshNest,us,REFERRAL
297,2020-05-11,Joseph,Hughes,robertroach@example.net,(988)737-7441,1,1,1,M,1986,Single,Skilled Manual,61000,0,1,Partial College,US,Connecticut,Lake Lindaview,72033,DECLINING,0.595,AromaDrive,us,PAID_SOCIAL
298,2020-05-17,Chad,Hernandez,,,0,0,0,F,2003,Married,Professional,24000,0,0,Partial College,US,West Virginia,Deborahchester,01475,LOYAL_LIGHT,0.245,BreezeLine,us,ORGANIC
299,2020-05-20,Karen,Jones,qknox@example.com,(756)425-3135,0,1,0,F,2000,Married,Skilled Manual,60000,0,0,Bachelors,US,Washington,Virginiastad,50373,LOYAL_LIGHT,0.497,AromaDrive,us,ORGANIC
300,2020-05-24,Nancy,,allencarlos@example.net,473-357-4384,0,1,0,M,1994,Single,Self-Employed,53000,0,1,High School,US,Louisiana,East Julieside,08350,GROWING,0.517,AromaDrive,us,PAID_SOCIAL
301,2020-05-27,David,Cruz,aeaton@example.net,8504702608,0,1,1,M,2003,Married,Skilled Manual,45000,2,0,High School,US,Alabama,Monicaton,21198,LOYAL_LIGHT,0.437,FreshNest,us,PAID_SEARCH
302,2020-05-27,Monique,Swanson,,(213)854-1597,0,1,0,F,1998,Single,Clerical,96000,2,0,Graduate Degree,US,Nebraska,West Javier,87724,LOYAL_LIGHT,0.376,AromaDrive,us,PAID_SOCIAL
303,2020-05-28,Elizabeth,Gregory,ramirezderrick@example.org,467-947-4689x715,1,1,1,F,1996,Married,Clerical,90000,3,0,Graduate Degree,US,Hawaii,Port Wendy,89372,ONE_SHOT,0.864,BreezeLine,us,PAID_SEARCH
304,2020-05-30,Jonathan,Smith,lisale@example.org,(645)530-7624,1,0,1,F,1986,Single,Professional,73000,0,0,Partial College,US,Oregon,Kristinstad,50477,ONE_SHOT,0.643,FreshNest,us,PAID_SEARCH
305,2020-05-31,Justin,Shelton,aaronkelly@example.net,,0,0,0,M,1998,Married,Manual,106000,0,0,High School,US,Wisconsin,East Marissaside,73277,GROWING,0.511,AromaDrive,us,EMAIL
306,2020-06-01,Brandi,Bailey,courtney86@example.com,,1,0,0,M,2001,Married,Management,52000,0,0,Bachelors,US,Wyoming,Yuchester,72924,LOYAL_HEAVY,0.27,FreshNest,us,REFERRAL
307,2020-06-06,David,Thomas,hwest@example.com,001-944-305-8093x511,0,1,1,F,1974,Married,Professional,174000,1,1,Partial College,US,Montana,New Ambertown,61020,LOYAL_LIGHT,0.152,FreshNest,us,EMAIL
308,2020-06-07,Victoria,,heather06@example.com,(907)765-8173x9063,0,1,1,F,1996,Married,Professional,50000,0,0,Bachelors,US,Mississippi,Terriburgh,35199,LOYAL_LIGHT,0.317,BreezeLine,us,REFERRAL
309,2020-06-10,Nicholas,White,zhall@example.net,747.364.9078,1,1,1,F,1964,Married,Skilled Manual,34000,4,0,Graduate Degree,US,California,Julietown,74839,LOYAL_HEAVY,0.098,BreezeLine,us,REFERRAL
310,2020-06-11,John,Ferguson,madison97@example.org,,0,0,0,M,2007,Single,Manual,63000,3,1,Partial College,US,Rhode Island,Port Danielfort,63972,ONE_SHOT,0.863,AromaDrive,us,PAID_SOCIAL
311,2020-06-12,Brandon,,karenwells@example.org,(340)658-0085,1,1,1,F,1998,Single,Skilled Manual,126000,1,1,Partial High School,US,North Carolina,Webbmouth,39897,ONE_SHOT,0.703,AromaDrive,us,ORGANIC
312,2020-06-13,Melanie,Douglas,kcooper@example.net,758-275-0663x370,1,0,1,F,1983,Married,Student,142000,0,1,Graduate Degree,US,Ohio,Davidfort,75662,LOYAL_HEAVY,0.113,BreezeLine,us,ORGANIC
313,2020-06-13,Sarah,Compton,,+1-450-614-2576x27023,0,1,1,M,1986,Single,Professional,115000,0,0,Bachelors,US,Delaware,Murrayfurt,06439,CHURN_RISK,0.744,AromaDrive,us,ORGANIC
314,2020-06-18,Gabrielle,,opatel@example.org,001-681-779-4695,1,1,0,F,2000,Single,Professional,52000,0,1,Graduate Degree,US,Wisconsin,South Michelle,98703,GROWING,0.423,AromaDrive,us,PAID_SEARCH
315,2020-06-19,Maria,Rose,angelarandall@example.net,418-295-4738,1,1,1,M,1979,Single,Clerical,73000,0,0,Bachelors,US,North Carolina,West Michaelbury,69547,LOYAL_HEAVY,0.176,BreezeLine,us,PAID_SOCIAL
316,2020-06-19,Amanda,Griffith,phillip27@example.org,,1,0,0,F,1976,Single,Management,225000,0,1,Partial College,US,Vermont,Port Austin,32074,GROWING,0.383,FreshNest,us,ORGANIC
317,2020-06-22,Daniel,Harmon,,+1-545-744-1496x739,0,1,1,F,1974,Married,Clerical,54000,4,1,Partial High School,US,Hawaii,New Aaronborough,51732,DECLINING,0.803,FreshNest,us,ORGANIC
318,2020-06-26,Michael,Gonzalez,,+1-587-282-4556x9644,0,1,1,F,1976,Divorced,Retired,36000,0,0,Bachelors,US,Georgia,Prestonchester,10846,GROWING,0.375,BreezeLine,us,ORGANIC
319,2020-07-03,John,Bruce,,370-326-9524,0,1,1,F,1981,Married,Management,21000,1,0,Bachelors,US,Delaware,Port Danielle,88453,GROWING,0.549,FreshNest,us,ORGANIC
320,2020-07-03,Kevin,Williams,amanda98@example.org,+1-595-264-1220x310,0,1,1,F,1990,Married,Professional,48000,0,1,Partial College,US,North Carolina,East Rebecca,80048,LOYAL_LIGHT,0.428,FreshNest,us,ORGANIC
321,2020-07-04,Tanner,Dunn,allentracy@example.com,861-747-6834x201,1,0,1,F,1986,Single,Student,27000,1,1,Graduate Degree,US,North Dakota,Obrienmouth,66490,LOYAL_LIGHT,0.512,FreshNest,us,ORGANIC
322,2020-07-07,Brandon,,kathleenbecker@example.net,,1,0,0,M,1984,Married,Management,65000,2,1,Bachelors,US,Missouri,Port Barry,48286,ONE_SHOT,0.911,BreezeLine,us,EMAIL
323,2020-07-08,Jacqueline,Parker,,001-388-441-8343x740,0,0,1,M,1987,Married,Management,80000,2,0,High School,US,Iowa,Port Angela,78147,LOYAL_LIGHT,0.403,BreezeLine,us,PAID_SOCIAL
324,2020-07-11,Robert,Mitchell,dennismccann@example.com,001-965-221-5681x82096,0,1,1,M,2002,Single,Clerical,73000,4,0,Partial High School,US,Vermont,West Denise,32550,CHURN_RISK,0.981,BreezeLine,us,ORGANIC
325,2020-07-12,Gregory,Brown,lewismelissa@example.org,590.414.7546x926,0,1,1,M,1993,Single,Manual,153000,2,1,Bachelors,US,North Dakota,Port James,41617,LOYAL_LIGHT,0.265,BreezeLine,us,ORGANIC
326,2020-07-12,Brandy,,brandonalvarez@example.com,001-519-317-9202x521,1,1,1,M,1974,Married,Clerical,60000,0,0,High School,US,North Carolina,West Douglasland,88290,DECLINING,0.75,BreezeLine,us,ORGANIC
327,2020-07-16,Kristen,Rivera,scott69@example.org,001-923-842-3216x110,1,1,0,M,1987,Married,Clerical,27000,1,1,Bachelors,US,Vermont,Port Jennifershire,72074,DECLINING,0.602,AromaDrive,us,REFERRAL
328,2020-07-16,Amber,,astark@example.net,2102023142,1,1,1,F,1975,Married,Professional,60000,0,0,Bachelors,US,West Virginia,Dawnberg,01335,ONE_SHOT,0.82,BreezeLine,us,REFERRAL
329,2020-07-18,Jerry,Ortega,fgarcia@example.com,001-576-674-2662x9912,1,0,0,F,2000,Single,Clerical,35000,2,0,Partial High School,US,Illinois,Morrisstad,06001,DECLINING,0.733,FreshNest,us,EMAIL
330,2020-07-18,Dana,Sawyer,shawrachel@example.net,+1-724-724-0338x1059,0,1,1,F,1984,Married,Professional,63000,1,0,Bachelors,US,Michigan,North Lisachester,03829,ONE_SHOT,0.981,FreshNest,us,PAID_SOCIAL
331,2020-07-18,Jacob,Brown,rebeccaarnold@example.net,649.796.0105,1,0,0,F,1999,Single,Skilled Manual,81000,0,1,Partial College,US,California,Walkerburgh,61878,GROWING,0.639,BreezeLine,us,PAID_SEARCH
332,2020-07-20,Natasha,James,shawn75@example.net,661-493-1837x45508,0,1,1,M,2001,Married,Management,37000,2,1,Bachelors,US,Georgia,Travisland,23533,GROWING,0.425,FreshNest,us,ORGANIC
333,2020-07-20,Leonard,Roberts,lindsey62@example.org,587-372-2164x17582,1,1,1,M,1988,Single,Professional,26000,4,1,High School,US,North Carolina,Rebeccaland,75736,LOYAL_LIGHT,0.304,AromaDrive,us,PAID_SOCIAL
334,2020-07-21,Keith,Butler,kingjames@example.net,531-928-4033,1,1,1,M,1978,Married,Professional,105000,4,1,Bachelors,US,Connecticut,Port Steven,86607,GROWING,0.44,BreezeLine,us,AFFILIATE
335,2020-07-23,Brittany,Williams,,+1-203-217-2351x37399,0,1,0,M,1993,Single,Professional,38000,0,1,Bachelors,US,Hawaii,New Devinfort,00660,DECLINING,0.601,AromaDrive,us,ORGANIC
336,2020-07-29,Donna,Peck,earroyo@example.com,616.856.0945x653,1,0,0,F,1981,Single,Professional,66000,2,0,Bachelors,US,Ohio,Leblancview,34353,ONE_SHOT,0.796,FreshNest,us,EMAIL
337,2020-07-31,,Fleming,rfrye@example.com,591.345.2118x2379,1,1,0,F,1975,Single,Self-Employed,47000,0,1,Partial High School,US,Kentucky,New Mark,47952,DECLINING,0.646,BreezeLine,us,ORGANIC
338,2020-07-31,Haley,Hernandez,andrewlove@example.org,(479)338-9701x550,1,1,1,M,2002,Single,Clerical,75000,0,1,High School,US,Colorado,Hendricksport,93425,LOYAL_LIGHT,0.244,BreezeLine,us,PAID_SOCIAL
339,2020-08-06,Crystal,,jamesbrian@example.org,,0,0,0,M,1987,Divorced,Professional,32000,1,0,High School,US,Minnesota,New Caitlin,58708,LOYAL_HEAVY,0.207,FreshNest,us,ORGANIC
340,2020-08-07,Lindsay,Ortiz,greenmichael@example.org,(304)839-4070,0,1,1,M,1964,Single,Skilled Manual,11000,0,1,High School,US,New Hampshire,South Williamfurt,80003,DECLINING,0.491,FreshNest,us,PAID_SOCIAL
341,2020-08-11,Rebecca,Wilson,matthewsalexander@example.org,935-253-7950x209,1,1,1,F,1997,Divorced,Self-Employed,89000,0,1,High School,US,Arizona,Schneiderbury,53801,LOYAL_LIGHT,0.426,FreshNest,us,ORGANIC
342,2020-08-13,Rachel,Briggs,,001-593-403-6149x872,0,1,1,F,1982,Single,Student,84000,2,1,Graduate Degree,US,Rhode Island,Bakerport,16190,CHURN_RISK,0.784,BreezeLine,us,PAID_SEARCH
343,2020-08-17,Eric,Ellis,amanda40@example.net,001-561-957-1732x030,1,1,1,M,1995,Married,Professional,88000,2,1,High School,US,Missouri,North Maureenview,24954,LOYAL_LIGHT,0.324,BreezeLine,us,PAID_SOCIAL
344,2020-08-19,Christopher,,ystewart@example.net,+1-951-833-0531x949,1,1,1,F,1966,Married,Management,136000,2,1,Graduate Degree,US,Missouri,West Angela,70532,LOYAL_LIGHT,0.394,AromaDrive,us,PAID_SOCIAL
345,2020-08-20,Chad,Vang,,001-806-900-7806,0,1,1,M,1998,Single,Student,16000,1,1,Bachelors,US,Louisiana,South Brandonland,70658,GROWING,0.439,AromaDrive,us,PAID_SOCIAL
346,2020-08-24,Kyle,Burch,simsjason@example.net,+1-961-820-5943,1,1,1,F,1983,Single,Professional,87000,2,1,Bachelors,US,Alaska,Lake Kendra,60406,LOYAL_LIGHT,0.48,AromaDrive,us,ORGANIC
347,2020-08-25,Tina,Pacheco,wmartinez@example.org,421-582-0970,1,1,0,M,1984,Single,Professional,36000,2,0,Partial College,US,Georgia,Petersonside,53746,ONE_SHOT,0.799,BreezeLine,us,PAID_SOCIAL
348,2020-08-26,Melissa,Moody,,+1-930-234-1990,0,1,1,M,1999,Married,Skilled Manual,40000,1,0,Bachelors,US,California,Lloydshire,84433,ONE_SHOT,0.887,BreezeLine,us,ORGANIC
349,2020-09-05,Julie,Quinn,,703.603.7637x1539,0,1,0,M,2000,Married,Professional,36000,2,1,Partial College,US,Montana,North Andrestad,65563,GROWING,0.547,BreezeLine,us,PAID_SOCIAL
350,2020-09-06,Melissa,Parsons,christinaschultz@example.com,,0,0,0,F,1970,Single,Manual,42000,0,1,Graduate Degree,US,Utah,Amandahaven,47075,DECLINING,0.712,BreezeLine,us,ORGANIC
351,2020-09-07,Heather,Evans,gordonmatthew@example.org,+1-216-888-0925x50213,1,1,1,F,1989,Married,Management,91000,3,0,High School,US,New Jersey,Port Scott,47144,LOYAL_LIGHT,0.167,AromaDrive,us,PAID_SEARCH
352,2020-09-07,Bailey,,denise49@example.net,001-443-430-8003x70033,0,0,1,F,1980,Married,Professional,23000,0,1,Bachelors,US,Louisiana,South Adam,08620,DECLINING,0.81,AromaDrive,us,REFERRAL
353,2020-09-10,Susan,,cynthia07@example.com,361.603.1310x09431,1,1,0,M,1974,Married,Management,53000,2,0,Bachelors,US,New Hampshire,Port Jessicastad,14578,ONE_SHOT,0.584,BreezeLine,us,AFFILIATE
354,2020-09-11,Gregory,Roberts,joseph70@example.org,001-385-381-6704x686,1,1,0,F,1992,Single,Clerical,37000,3,1,High School,US,Iowa,Eddieland,51011,GROWING,0.504,AromaDrive,us,PAID_SOCIAL
355,2020-09-13,Todd,Reyes,xclements@example.org,(479)637-6392x836,1,1,1,F,1989,Married,Management,38000,1,0,Bachelors,US,Delaware,Tiffanyton,16769,GROWING,0.63,BreezeLine,us,ORGANIC
356,2020-09-14,,Reed,,,0,0,0,F,1991,Single,Manual,54000,2,0,Partial High School,US,Texas,Perezfort,48391,ONE_SHOT,0.707,BreezeLine,us,PAID_SOCIAL
357,2020-09-16,Scott,Griffin,iballard@example.com,647.376.9587,0,1,0,F,1970,Divorced,Skilled Manual,37000,0,0,Bachelors,US,Wisconsin,East Edwinburgh,59735,LOYAL_LIGHT,0.386,BreezeLine,us,ORGANIC
358,2020-09-23,Christopher,,michaelortiz@example.org,3254883586,0,1,1,M,1974,Married,Skilled Manual,38000,0,0,High School,US,South Dakota,Lake Maryhaven,77525,ONE_SHOT,0.791,AromaDrive,us,ORGANIC
359,2020-09-23,Richard,Webb,thoward@example.com,(936)822-9258,0,1,1,M,1989,Married,Professional,96000,3,1,Partial College,US,Oregon,Gutierrezside,28463,LOYAL_LIGHT,0.45,BreezeLine,us,REFERRAL
360,2020-09-24,Aaron,,kevinclayton@example.org,(358)827-3902,1,1,0,F,1981,Divorced,Professional,133000,0,0,Partial High School,US,Arizona,Lake Henry,01710,LOYAL_LIGHT,0.388,BreezeLine,us,PAID_SOCIAL
361,2020-09-26,Joseph,,fmontoya@example.com,,1,0,0,M,1973,Married,Skilled Manual,72000,0,0,High School,US,Wyoming,Mosleyland,68106,DECLINING,0.659,BreezeLine,us,AFFILIATE
362,2020-10-10,Linda,Rodriguez,,980-358-9258x3206,0,1,1,F,1982,Married,Skilled Manual,25000,0,1,Bachelors,US,Kansas,Sarahstad,20385,CHURN_RISK,0.888,BreezeLine,us,AFFILIATE
363,2020-10-24,Caleb,Walker,buckleyanna@example.org,,0,0,0,M,1965,Divorced,Clerical,39000,0,0,Bachelors,US,South Dakota,Port Deanna,40460,LOYAL_LIGHT,0.407,BreezeLine,us,ORGANIC
364,2020-10-26,Courtney,Smith,jfaulkner@example.net,+1-327-223-8656x24220,1,1,0,M,2004,Married,Skilled Manual,75000,1,0,High School,US,Connecticut,Laurieview,19895,LOYAL_HEAVY,0.371,BreezeLine,us,ORGANIC
365,2020-10-26,Mark,Curtis,,,0,0,0,F,1998,Single,Skilled Manual,40000,0,0,Partial College,US,Oklahoma,South Cameronstad,84581,LOYAL_LIGHT,0.352,FreshNest,us,EMAIL
366,2020-10-31,Tara,Hernandez,,930-927-1693x859,0,1,1,M,1982,Married,Professional,58000,2,0,High School,US,Utah,Stokesville,90373,DECLINING,0.65,FreshNest,us,ORGANIC
367,2020-11-02,Matthew,Scott,wrightstephen@example.com,+1-815-777-8711x21663,0,1,1,M,1974,Married,Professional,49000,2,0,Bachelors,US,North Dakota,Devonside,32355,DECLINING,0.648,AromaDrive,us,PAID_SEARCH
368,2020-11-03,David,Porter,tranryan@example.net,,0,0,0,M,2004,Single,Manual,49000,3,1,Partial High School,US,Illinois,Kaylabury,66878,ONE_SHOT,0.85,FreshNest,us,AFFILIATE
369,2020-11-05,Nicole,Dixon,kathrynbest@example.org,(684)963-9855,1,1,1,F,1973,Married,Professional,79000,4,0,Bachelors,US,Indiana,Lake Erikafort,18157,LOYAL_LIGHT,0.326,FreshNest,us,ORGANIC
370,2020-11-06,Gary,Cooper,,(552)996-7188,0,0,1,F,1996,Divorced,Professional,116000,0,1,Partial College,US,Utah,West Luisburgh,83303,LOYAL_LIGHT,0.217,AromaDrive,us,REFERRAL
371,2020-11-08,Charles,Jackson,david96@example.com,,1,0,0,M,1983,Single,Professional,32000,0,0,Partial College,US,Kansas,New Brandonborough,78268,DECLINING,0.525,FreshNest,us,EMAIL
372,2020-11-14,Jessica,Taylor,contrerassteven@example.org,+1-345-410-4636x81579,0,0,1,M,1967,Married,Skilled Manual,53000,0,0,Partial College,US,California,West Drew,79269,DECLINING,0.684,AromaDrive,us,PAID_SOCIAL
373,2020-11-15,Jeffery,Ballard,velezchristopher@example.net,+1-378-999-4053x91037,0,1,1,M,1999,Married,Professional,38000,0,0,Bachelors,US,Kentucky,Dustinland,16810,ONE_SHOT,0.812,BreezeLine,us,AFFILIATE
374,2020-11-15,Jeffrey,Davis,gstewart@example.org,(693)575-1509x3983,0,1,0,M,1981,Single,Clerical,46000,1,1,High School,US,Indiana,Port Williamfurt,22458,LOYAL_HEAVY,0.053,BreezeLine,us,PAID_SOCIAL
375,2020-11-16,Jonathan,Edwards,mchase@example.org,779.376.6270,1,1,1,F,1981,Single,Skilled Manual,78000,0,0,High School,US,Idaho,Turnermouth,15291,GROWING,0.643,AromaDrive,us,ORGANIC
376,2020-11-18,Jeffrey,West,,874-472-1970x546,0,1,0,F,1989,Married,Skilled Manual,136000,0,1,High School,US,New Hampshire,East Patriciashire,00853,GROWING,0.501,FreshNest,us,EMAIL
377,2020-11-19,Alejandro,Miller,watsonmatthew@example.org,+1-591-787-2401x078,0,1,0,M,1995,Single,Clerical,67000,0,0,High School,US,Minnesota,West Jennifer,14526,LOYAL_LIGHT,0.183,AromaDrive,us,PAID_SOCIAL
378,2020-11-21,Collin,Ortega,,6312089071,0,1,1,M,1998,Married,Retired,65000,3,1,Partial College,US,Florida,Josephton,09511,ONE_SHOT,0.771,AromaDrive,us,AFFILIATE
379,2020-11-21,Elizabeth,Morse,brettgarrett@example.net,+1-656-728-8431,1,1,0,M,2004,Married,Professional,118000,2,1,Bachelors,US,Wyoming,Kristintown,82342,ONE_SHOT,0.641,FreshNest,us,PAID_SEARCH
380,2020-11-22,Pamela,Stanley,,(342)636-1032x6642,0,1,1,F,2002,Married,Manual,72000,2,1,Partial College,US,Utah,Courtneyport,57100,LOYAL_LIGHT,0.538,BreezeLine,us,PAID_SEARCH
381,2020-11-27,,Mills,aguilarjonathan@example.org,,0,0,0,M,1983,Single,Clerical,69000,0,0,Partial College,US,Illinois,Port Crystal,76845,DECLINING,0.791,BreezeLine,us,REFERRAL
382,2020-11-28,,Fischer,christinacraig@example.com,(807)591-8158x998,0,1,1,M,1980,Single,Self-Employed,117000,2,1,Graduate Degree,US,Ohio,Sallyfort,92168,CHURN_RISK,0.925,AromaDrive,us,ORGANIC
383,2020-11-28,Diana,Austin,shawnpowell@example.org,,0,0,0,F,1998,Single,Clerical,44000,3,1,Partial College,US,Florida,East Melissa,94471,LOYAL_LIGHT,0.319,AromaDrive,us,AFFILIATE
384,2020-12-02,Heidi,Lee,,(453)358-5125x389,0,1,1,M,1993,Single,Manual,87000,2,0,Bachelors,US,Wyoming,New Jillian,56009,ONE_SHOT,0.94,FreshNest,us,AFFILIATE
385,2020-12-03,Amy,Hicks,,,0,0,0,F,1995,Married,Retired,41000,1,1,Graduate Degree,US,Wisconsin,Lake Chaseland,80700,ONE_SHOT,0.77,BreezeLine,us,PAID_SEARCH
386,2020-12-07,Christopher,Hernandez,,254.894.6519,0,1,1,F,2001,Single,Manual,22000,0,0,Bachelors,US,Iowa,Lindabury,03414,GROWING,0.408,FreshNest,us,AFFILIATE
387,2020-12-11,Ryan,Klein,codygarcia@example.org,,0,0,0,M,1981,Divorced,Retired,45000,1,0,Graduate Degree,US,Nevada,North Elizabethhaven,79195,DECLINING,0.62,AromaDrive,us,REFERRAL
388,2020-12-14,Sandra,Fox,kelly98@example.com,(975)851-2542x78207,1,1,1,M,1979,Married,Skilled Manual,77000,3,0,Bachelors,US,Oregon,Moraburgh,28037,LOYAL_LIGHT,0.356,BreezeLine,us,EMAIL
389,2020-12-15,Kellie,Warren,johnnewman@example.org,+1-720-695-2004x61526,1,1,0,M,1982,Single,Professional,48000,1,0,Bachelors,US,Michigan,Port Toni,95593,CHURN_RISK,0.808,AromaDrive,us,PAID_SOCIAL
390,2020-12-20,Christopher,Bautista,foxallison@example.com,827-297-5736,1,1,1,F,1992,Married,Management,47000,0,0,High School,US,Louisiana,Donaldchester,24883,ONE_SHOT,0.764,BreezeLine,us,PAID_SOCIAL
391,2020-12-21,Anthony,Rodriguez,hughesfrank@example.net,816-448-0727x91033,1,1,0,F,1971,Married,Skilled Manual,83000,4,0,Partial College,US,Illinois,Glasston,02773,ONE_SHOT,0.854,BreezeLine,us,PAID_SOCIAL
392,2020-12-31,Marie,,danielle44@example.net,,1,0,0,M,1991,Married,Professional,64000,1,0,Graduate Degree,US,Texas,Taylormouth,97832,ONE_SHOT,0.653,FreshNest,us,PAID_SOCIAL
393,2020-12-31,Joshua,Banks,,242.513.8820,0,1,1,F,1978,Divorced,Student,68000,0,0,Partial College,US,Arkansas,Reynoldschester,43345,LOYAL_HEAVY,0.188,BreezeLine,us,EMAIL
394,2021-01-02,Nicole,Thompson,,243.338.0054x5228,0,1,1,M,2003,Divorced,Professional,75000,3,1,Partial High School,US,Ohio,New Elizabeth,62993,LOYAL_LIGHT,0.579,FreshNest,us,REFERRAL
395,2021-01-03,Ronald,Day,,412-733-6132x8507,0,1,0,F,1984,Divorced,Professional,86000,0,1,Graduate Degree,US,Utah,New Maureenside,63526,DECLINING,0.648,AromaDrive,us,EMAIL
396,2021-01-03,Eric,Martin,,690.483.3509x025,0,1,0,F,1996,Married,Student,23000,2,0,High School,US,Vermont,Jimenezberg,14032,GROWING,0.601,BreezeLine,us,ORGANIC
397,2021-01-04,Wayne,Porter,kimberly56@example.com,001-408-700-4635x8068,0,1,1,F,1989,Married,Management,49000,1,1,Bachelors,US,Arkansas,Martinport,86662,ONE_SHOT,0.801,BreezeLine,us,ORGANIC
398,2021-01-05,Brenda,Pena,,(277)798-0660x392,0,1,1,F,1984,Married,Professional,41000,1,1,Partial College,US,Alabama,East Ethanstad,10053,ONE_SHOT,0.693,FreshNest,us,PAID_SOCIAL
399,2021-01-08,Andrea,Hines,sandra86@example.net,576-781-8268x3230,0,1,1,M,1983,Married,Professional,59000,0,1,Bachelors,US,Indiana,Michaelton,56653,LOYAL_LIGHT,0.356,BreezeLine,us,PAID_SOCIAL
400,2021-01-09,David,Harrington,garciarobert@example.net,(557)749-0250x42901,1,1,1,F,2002,Married,Professional,12000,0,0,Partial College,US,Iowa,Blackville,43289,CHURN_RISK,0.775,BreezeLine,us,EMAIL
401,2021-01-10,Brian,Adams,andrearivera@example.com,313.491.5596x3632,0,1,1,M,1985,Single,Student,64000,2,0,High School,US,Texas,Hannahview,68197,ONE_SHOT,0.714,BreezeLine,us,ORGANIC
402,2021-01-13,Hannah,Dominguez,,,0,0,0,M,2004,Single,Clerical,63000,3,0,High School,US,Arkansas,West Christopher,38213,ONE_SHOT,0.868,BreezeLine,us,ORGANIC
403,2021-01-16,Rebecca,Martinez,bkhan@example.com,+1-911-231-7653,1,1,1,F,1993,Single,Skilled Manual,46000,2,0,High School,US,Virginia,East Stephanie,67132,DECLINING,0.535,FreshNest,us,PAID_SEARCH
404,2021-01-18,Alyssa,,elizabeth62@example.net,,1,0,0,M,1968,Married,Skilled Manual,41000,0,1,High School,US,Hawaii,South Martintown,47728,ONE_SHOT,0.767,FreshNest,us,EMAIL
405,2021-01-24,Stephanie,Joyce,maypaul@example.com,,1,0,0,F,2001,Married,Manual,27000,0,1,High School,US,Arizona,Westmouth,02605,CHURN_RISK,0.705,AromaDrive,us,AFFILIATE
406,2021-01-26,Albert,Hernandez,thomassmith@example.com,557-894-2387,0,1,1,M,2003,Single,Retired,73000,0,1,Partial High School,US,Louisiana,North Shawn,18419,GROWING,0.594,BreezeLine,us,EMAIL
407,2021-01-29,Stephen,Smith,joel28@example.org,224-493-2149x587,0,1,0,F,1971,Single,Self-Employed,54000,1,1,Bachelors,US,North Carolina,Lake Kimberlyshire,09320,GROWING,0.588,BreezeLine,us,PAID_SEARCH
408,2021-02-01,Craig,Rush,amy51@example.org,001-521-628-8665x268,0,0,1,F,1994,Married,Management,48000,0,1,Bachelors,US,Kansas,Clarkmouth,54344,GROWING,0.456,BreezeLine,us,EMAIL
409,2021-02-01,Lori,Williams,davisdonna@example.net,001-944-585-6451x0173,1,1,0,F,1992,Single,Skilled Manual,27000,0,0,Partial High School,US,Maryland,New Melanie,76660,DECLINING,0.737,BreezeLine,us,ORGANIC
410,2021-02-02,Antonio,Sanders,,258-330-3441x44885,0,0,1,M,1991,Single,Skilled Manual,48000,0,1,Bachelors,US,Kansas,Andersonton,19576,ONE_SHOT,0.726,AromaDrive,us,AFFILIATE
411,2021-02-03,Thomas,Taylor,thomasmiller@example.net,4909367881,1,1,1,M,1994,Married,Retired,102000,2,1,Partial College,US,Ohio,Williamview,83361,DECLINING,0.675,BreezeLine,us,PAID_SOCIAL
412,2021-02-04,Scott,Wells,,337-349-0607x231,0,1,0,M,1986,Married,Manual,46000,1,1,High School,US,New York,Christopherview,37038,GROWING,0.557,FreshNest,us,REFERRAL
413,2021-02-09,Julia,,rsheppard@example.com,,1,0,0,F,1992,Married,Management,111000,2,0,Graduate Degree,US,Florida,Kennethburgh,65081,GROWING,0.417,BreezeLine,us,PAID_SOCIAL
414,2021-02-09,Melissa,Owen,stephenmadden@example.com,277-343-3268x319,0,1,1,F,2003,Divorced,Manual,120000,1,1,Partial High School,US,Wisconsin,West Caitlinland,85429,GROWING,0.478,FreshNest,us,PAID_SOCIAL
415,2021-02-11,David,Nelson,,+1-897-359-2304x5018,0,0,0,F,1996,Married,Professional,83000,3,0,Partial College,US,Washington,North David,27261,ONE_SHOT,0.739,AromaDrive,us,ORGANIC
416,2021-02-13,Megan,Clark,daustin@example.net,,1,0,0,F,1987,Married,Skilled Manual,66000,2,1,Partial College,US,Nevada,Jocelynburgh,66756,DECLINING,0.823,BreezeLine,us,ORGANIC
417,2021-02-14,Shawn,Burton,heather29@example.net,944.248.3548x84712,1,1,1,F,1973,Married,Skilled Manual,19000,0,1,Partial College,US,Alabama,Wheelertown,63922,LOYAL_LIGHT,0.401,FreshNest,us,PAID_SOCIAL
418,2021-02-17,Kenneth,Logan,nbrooks@example.net,(861)283-0671x98554,0,1,1,M,1986,Single,Skilled Manual,58000,0,0,Bachelors,US,Tennessee,Grahamville,88092,DECLINING,0.675,BreezeLine,us,AFFILIATE
419,2021-02-18,Lisa,Smith,nicoleturner@example.com,001-367-238-9975x634,1,1,0,F,1982,Divorced,Professional,33000,0,0,High School,US,Indiana,Lake Terrychester,32009,GROWING,0.707,FreshNest,us,PAID_SOCIAL
420,2021-02-19,Amy,Cole,hmoon@example.com,378-863-7673,1,1,1,F,1986,Married,Professional,99000,1,1,Bachelors,US,Colorado,Martinezside,39229,LOYAL_HEAVY,0.275,BreezeLine,us,ORGANIC
421,2021-02-20,Ronald,Morgan,,6076942007,0,1,1,M,1981,Married,Clerical,46000,2,1,Partial High School,US,Connecticut,South Jessicaberg,12305,ONE_SHOT,0.856,BreezeLine,us,PAID_SOCIAL
422,2021-02-23,Joshua,Conner,louis43@example.org,(892)840-7553,1,1,1,M,1991,Married,Manual,66000,0,0,Graduate Degree,US,Florida,Debrahaven,86649,ONE_SHOT,0.898,FreshNest,us,ORGANIC
423,2021-02-23,Adrienne,Garcia,,284-726-9450,0,1,1,M,1990,Single,Professional,22000,0,1,Bachelors,US,South Dakota,Port Kurt,30591,CHURN_RISK,0.85,FreshNest,us,REFERRAL
424,2021-02-24,Kenneth,Johnson,lcarr@example.org,001-320-269-6942x152,1,1,0,M,2001,Single,Clerical,41000,2,0,High School,US,Iowa,North Annetteberg,54336,LOYAL_LIGHT,0.459,FreshNest,us,ORGANIC
425,2021-02-24,Joshua,Landry,,442.661.9237,0,1,1,F,1985,Single,Self-Employed,49000,2,1,High School,US,Oregon,North Rickfort,76209,GROWING,0.711,BreezeLine,us,PAID_SEARCH
426,2021-02-27,Jack,Davies,megan85@example.net,414.967.5361,1,1,0,M,1993,Married,Student,37000,0,1,High School,US,Vermont,Brandtfort,86568,ONE_SHOT,0.849,BreezeLine,us,REFERRAL
427,2021-03-10,John,Tucker,flynnjeffrey@example.org,,0,0,0,M,2006,Single,Management,60000,4,1,High School,US,Hawaii,Lake Bryan,62593,CHURN_RISK,1.0,FreshNest,us,ORGANIC
428,2021-03-14,Amy,Burch,,(336)884-8557,0,1,1,M,1996,Single,Management,21000,1,0,Partial College,US,Michigan,Richardberg,73561,CHURN_RISK,0.765,BreezeLine,us,REFERRAL
429,2021-03-21,Heather,Kim,,(603)503-6625,0,0,1,F,1986,Married,Clerical,91000,2,0,Bachelors,US,Virginia,Port Lisa,71720,LOYAL_HEAVY,0.21,BreezeLine,us,PAID_SOCIAL
430,2021-03-21,Kaitlyn,Reynolds,,7746017750,0,1,1,M,2002,Single,Professional,54000,1,1,Graduate Degree,US,Mississippi,Moontown,37063,DECLINING,0.741,AromaDrive,us,REFERRAL
431,2021-03-23,Jose,Palmer,jessicabell@example.org,(971)628-6391,0,1,1,M,1974,Married,Clerical,136000,2,0,High School,US,Nebraska,Kellyfurt,31319,ONE_SHOT,0.853,BreezeLine,us,ORGANIC
432,2021-03-25,Eric,Tyler,charles58@example.org,(616)510-7051,1,0,1,M,1997,Single,Management,61000,0,0,High School,US,Oklahoma,South Janet,14545,GROWING,0.476,AromaDrive,us,PAID_SEARCH
433,2021-03-26,Andrew,Mendez,,+1-213-366-5722x4029,0,1,0,F,2002,Single,Professional,23000,4,0,Bachelors,US,Alabama,Rogersside,87052,ONE_SHOT,0.71,BreezeLine,us,PAID_SOCIAL
434,2021-03-28,Brandon,,bakereric@example.net,+1-404-201-4247x3107,1,1,1,M,1984,Single,Skilled Manual,23000,2,0,Bachelors,US,Florida,Bowersstad,94759,CHURN_RISK,0.963,BreezeLine,us,EMAIL
435,2021-03-29,John,Rodgers,,(520)445-6504x481,0,1,1,M,2003,Married,Skilled Manual,27000,2,0,Bachelors,US,Louisiana,Lisaberg,45057,ONE_SHOT,0.957,BreezeLine,us,PAID_SEARCH
436,2021-04-01,Kimberly,Howard,rreed@example.org,(599)678-7729,0,0,1,M,1978,Married,Retired,77000,1,0,Partial College,US,New Hampshire,North Rachel,33651,ONE_SHOT,0.796,AromaDrive,us,PAID_SOCIAL
437,2021-04-02,Michelle,Taylor,emiles@example.net,+1-729-383-2482x6292,1,1,1,M,1966,Married,Clerical,30000,1,0,Graduate Degree,US,Nevada,Blankenshipland,33914,CHURN_RISK,0.934,BreezeLine,us,EMAIL
438,2021-04-04,Daniel,Cooper,,3415257771,0,1,1,F,1988,Divorced,Clerical,100000,0,1,Bachelors,US,Wisconsin,Port Susanfort,29826,DECLINING,0.85,FreshNest,us,PAID_SOCIAL
439,2021-04-04,Makayla,Horton,martinezkayla@example.org,856.479.3279,1,1,0,F,1998,Single,Manual,40000,0,0,High School,US,Alaska,South Lindaberg,33743,LOYAL_HEAVY,0.115,BreezeLine,us,PAID_SEARCH
440,2021-04-05,Shannon,Vance,david94@example.org,452.428.7056,1,1,1,F,1977,Married,Retired,69000,2,1,High School,US,Tennessee,Lake Kelly,89435,LOYAL_HEAVY,0.178,AromaDrive,us,ORGANIC
441,2021-04-06,Angel,Mccarty,brentstein@example.org,702-349-1630x09792,1,1,1,M,1993,Single,Professional,79000,3,1,Bachelors,US,North Dakota,Jamesmouth,89118,DECLINING,0.506,BreezeLine,us,REFERRAL
442,2021-04-06,Katie,Schmidt,,+1-810-474-2799x0772,0,1,0,F,1991,Married,Clerical,85000,0,1,High School,US,Ohio,South Vanessaborough,87177,LOYAL_LIGHT,0.365,AromaDrive,us,REFERRAL
443,2021-04-08,Lindsey,Richardson,williamsdarrell@example.com,,1,0,0,M,1992,Divorced,Management,104000,3,0,Bachelors,US,South Carolina,Brandiville,58968,CHURN_RISK,0.962,FreshNest,us,REFERRAL
444,2021-04-13,Lee,Cummings,wcasey@example.com,001-556-874-9160x1692,0,1,1,F,1986,Married,Management,106000,0,1,Bachelors,US,North Carolina,Port Robert,88271,LOYAL_HEAVY,0.248,FreshNest,us,AFFILIATE
445,2021-04-15,James,Herrera,robertmonroe@example.org,001-995-776-1228x68528,0,1,1,F,1982,Married,Student,58000,1,0,Partial College,US,Rhode Island,South Courtneyfort,14667,LOYAL_LIGHT,0.321,FreshNest,us,ORGANIC
446,2021-04-20,William,Murphy,,,0,0,0,F,2006,Single,Professional,125000,3,1,High School,US,North Dakota,Crystalmouth,20895,LOYAL_LIGHT,0.379,AromaDrive,us,PAID_SEARCH
447,2021-04-25,Karen,Allen,gabrielle71@example.com,5278523343,0,1,0,M,1976,Married,Manual,27000,0,0,High School,US,Washington,North David,04684,LOYAL_HEAVY,0.0,AromaDrive,us,AFFILIATE
448,2021-04-25,Kimberly,,fergusonjessica@example.org,3396653136,1,1,0,M,1989,Single,Skilled Manual,34000,1,1,Bachelors,US,New Hampshire,Port Lisa,33822,LOYAL_LIGHT,0.416,AromaDrive,us,PAID_SOCIAL
449,2021-04-27,Jennifer,Tyler,burgesskaren@example.org,901-492-9275x243,1,1,0,F,1993,Single,Self-Employed,31000,2,0,Bachelors,US,Connecticut,Brittneyland,11261,DECLINING,0.745,FreshNest,us,ORGANIC
450,2021-04-28,James,Nguyen,mirandadavidson@example.com,2588752568,1,1,1,F,1994,Single,Student,93000,3,1,Bachelors,US,Arkansas,Greenfort,15237,CHURN_RISK,0.895,AromaDrive,us,AFFILIATE
451,2021-04-29,Anthony,Coffey,,2228031731,0,1,1,F,1993,Married,Management,131000,2,0,Partial High School,US,Oregon,Washingtonview,60673,LOYAL_HEAVY,0.152,FreshNest,us,REFERRAL
452,2021-05-05,Audrey,Green,william66@example.net,4646969357,1,1,1,F,1995,Single,Skilled Manual,105000,0,0,Bachelors,US,Iowa,Cassandrastad,07539,DECLINING,0.766,AromaDrive,us,ORGANIC
453,2021-05-06,Robert,Fischer,hdunn@example.net,3856732788,1,1,1,F,1989,Married,Skilled Manual,43000,0,0,Bachelors,US,Georgia,Port Ericland,54902,ONE_SHOT,0.838,FreshNest,us,PAID_SEARCH
454,2021-05-07,Michael,,,+1-834-449-7347x156,0,1,1,F,1983,Single,Professional,40000,0,1,Bachelors,US,Montana,East Melvin,14750,GROWING,0.483,FreshNest,us,ORGANIC
455,2021-05-07,Mathew,Williams,,,0,0,0,M,1999,Married,Clerical,144000,3,0,Partial College,US,Idaho,South Abigailhaven,21592,LOYAL_HEAVY,0.087,FreshNest,us,EMAIL
456,2021-05-08,Jesse,Miller,,724.747.4175,0,1,1,M,1997,Single,Professional,56000,2,1,Bachelors,US,Arizona,West Nicholas,12237,ONE_SHOT,0.892,BreezeLine,us,ORGANIC
457,2021-05-10,Joseph,Thompson,michael77@example.org,728-860-4765x801,1,0,0,F,1986,Single,Student,125000,0,1,High School,US,Arizona,Elizabethland,22156,ONE_SHOT,0.966,FreshNest,us,EMAIL
458,2021-05-15,Mark,Mitchell,crystalpham@example.org,823.800.8576,1,1,1,F,1974,Married,Skilled Manual,67000,0,1,Bachelors,US,Missouri,North Carrietown,15262,LOYAL_LIGHT,0.322,FreshNest,us,ORGANIC
459,2021-05-15,Daniel,Young,,367-931-8826,0,1,0,M,1992,Married,Manual,50000,2,1,High School,US,Connecticut,Alyssastad,29802,DECLINING,0.577,BreezeLine,us,AFFILIATE
460,2021-05-16,Deborah,,fosterlisa@example.net,+1-460-225-9222,0,1,1,F,1981,Married,Manual,19000,4,0,Partial College,US,Mississippi,East Michelle,75718,CHURN_RISK,0.83,AromaDrive,us,ORGANIC
461,2021-05-20,Ryan,Jacobson,avilabrenda@example.net,,1,0,0,M,1997,Married,Professional,64000,4,0,Partial College,US,South Carolina,South Allisonfort,10023,DECLINING,0.709,AromaDrive,us,AFFILIATE
462,2021-05-22,Brenda,Hubbard,ufloyd@example.net,516.415.8148x76963,0,1,1,M,1980,Single,Manual,81000,2,1,Bachelors,US,Indiana,Payneview,00575,GROWING,0.528,FreshNest,us,ORGANIC
463,2021-05-24,Adam,Chapman,bbell@example.com,611-818-2422x412,1,1,1,F,1984,Married,Self-Employed,23000,1,1,High School,US,Mississippi,Port Jeremiahville,32147,DECLINING,0.796,FreshNest,us,EMAIL
464,2021-05-28,Nicholas,,,,0,0,0,F,1993,Married,Student,110000,0,0,Bachelors,US,New Mexico,West Amberchester,42470,LOYAL_LIGHT,0.121,FreshNest,us,EMAIL
465,2021-05-28,Courtney,Hill,laurakelley@example.org,(981)669-9570x6071,1,1,1,F,1987,Married,Management,63000,1,1,Bachelors,US,Indiana,Davidborough,91052,LOYAL_LIGHT,0.297,FreshNest,us,PAID_SOCIAL
466,2021-05-30,Jeffrey,Brown,jessicapayne@example.org,,1,0,0,F,1997,Single,Clerical,76000,1,1,High School,US,Colorado,Mariamouth,68948,ONE_SHOT,0.976,FreshNest,us,ORGANIC
467,2021-06-01,Susan,Herman,frobertson@example.com,814.765.9116,1,1,1,F,2007,Single,Skilled Manual,60000,3,0,Partial High School,US,Alabama,East Joshua,31797,ONE_SHOT,0.972,FreshNest,us,PAID_SOCIAL
468,2021-06-02,Brian,Barnes,,689-464-6528x092,0,1,1,F,1995,Married,Professional,61000,2,0,Graduate Degree,US,Indiana,Dawnmouth,12753,DECLINING,0.688,AromaDrive,us,PAID_SOCIAL
469,2021-06-03,Jennifer,Robertson,michael43@example.net,911.430.6211x3695,1,1,1,M,1984,Single,Professional,63000,0,1,Bachelors,US,Florida,Lake Alejandro,96933,DECLINING,0.535,FreshNest,us,PAID_SOCIAL
470,2021-06-04,Barry,Richardson,spencergregory@example.com,001-836-792-4926x932,1,1,1,M,2003,Married,Skilled Manual,62000,2,1,Partial College,US,New Jersey,Skinnerfurt,99216,LOYAL_LIGHT,0.368,AromaDrive,us,PAID_SOCIAL
471,2021-06-05,Christopher,Blevins,walshchristine@example.com,(504)995-6121,0,1,1,M,1976,Married,Clerical,36000,2,1,Partial College,US,Utah,New Brianfurt,64959,ONE_SHOT,0.861,AromaDrive,us,AFFILIATE
472,2021-06-06,Amber,Allen,,257-499-8028x41390,0,1,1,M,1988,Married,Skilled Manual,116000,0,0,Bachelors,US,Texas,South Debra,40014,LOYAL_HEAVY,0.065,BreezeLine,us,AFFILIATE
473,2021-06-07,Amanda,Shah,,787.980.0384,0,1,0,M,1983,Married,Clerical,30000,0,0,Partial College,US,Indiana,Jacksonfurt,29065,ONE_SHOT,0.796,AromaDrive,us,PAID_SEARCH
474,2021-06-07,,,robert12@example.com,,0,0,0,M,1962,Married,Skilled Manual,40000,0,1,Partial College,US,Florida,Longbury,81276,GROWING,0.516,FreshNest,us,ORGANIC
475,2021-06-10,Frank,Sampson,ybrooks@example.com,+1-809-973-3977,1,1,1,F,1979,Married,Student,50000,0,1,Bachelors,US,Virginia,Kristinshire,98718,DECLINING,0.726,BreezeLine,us,ORGANIC
476,2021-06-15,Christopher,Nguyen,,349.829.2983,0,1,1,F,1997,Married,Retired,34000,0,0,Partial High School,US,North Dakota,Ralphtown,30545,DECLINING,0.666,BreezeLine,us,PAID_SOCIAL
477,2021-06-16,Patricia,,cwood@example.org,260.241.4545x63502,0,1,1,F,1986,Single,Manual,65000,0,1,Partial College,US,Vermont,Stephanieberg,84821,GROWING,0.636,FreshNest,us,AFFILIATE
478,2021-06-16,,Singleton,teresastokes@example.org,642.540.8916,1,1,1,F,1993,Married,Clerical,16000,4,1,Bachelors,US,Florida,North Susan,84734,GROWING,0.506,FreshNest,us,PAID_SEARCH
479,2021-06-19,Andrea,Vasquez,fowlershelia@example.com,,0,0,0,M,2005,Married,Professional,45000,0,0,Partial College,US,Tennessee,Lake Savannahbury,91934,LOYAL_HEAVY,0.127,AromaDrive,us,ORGANIC
480,2021-06-20,Scott,York,,910.443.3187x5109,0,1,1,F,1982,Single,Clerical,103000,0,1,High School,US,Illinois,South Geoffrey,73257,ONE_SHOT,0.733,FreshNest,us,REFERRAL
481,2021-06-23,Andrea,,,896-971-8325x8238,0,1,1,F,1997,Married,Skilled Manual,23000,0,1,High School,US,Pennsylvania,Port Alicia,41798,ONE_SHOT,0.844,BreezeLine,us,REFERRAL
482,2021-06-23,Susan,Daniels,gary04@example.com,426-883-4414x978,0,1,1,M,1976,Married,Management,55000,0,0,High School,US,Massachusetts,Johnland,23061,DECLINING,0.658,AromaDrive,us,AFFILIATE
483,2021-06-26,,Gonzales,jamesmorales@example.net,001-820-868-1558x3938,1,1,0,F,1977,Married,Professional,32000,2,1,High School,US,New Jersey,Port Joanton,53950,LOYAL_LIGHT,0.429,FreshNest,us,PAID_SOCIAL
484,2021-06-27,Sherri,Morris,,698-283-0597x3642,0,1,1,M,1990,Married,Skilled Manual,164000,0,0,Partial High School,US,Montana,Weaverville,80994,LOYAL_LIGHT,0.385,AromaDrive,us,ORGANIC
485,2021-06-29,Kyle,Fuentes,terrimoore@example.com,001-604-953-1943x3750,1,1,1,F,1991,Single,Clerical,30000,1,1,Partial High School,US,New Mexico,East Haleymouth,83972,CHURN_RISK,0.916,AromaDrive,us,REFERRAL
486,2021-07-01,Samantha,,jeffery94@example.org,,1,0,0,M,1998,Married,Professional,94000,0,1,Bachelors,US,Maryland,Kimberlyview,86487,LOYAL_HEAVY,0.293,BreezeLine,us,ORGANIC
487,2021-07-02,Sarah,Miller,davisnicholas@example.net,,1,0,0,M,1970,Single,Manual,59000,2,0,Bachelors,US,Pennsylvania,Alyssahaven,80777,ONE_SHOT,0.685,BreezeLine,us,PAID_SOCIAL
488,2021-07-02,Justin,Walker,imcdonald@example.com,404.751.9577,1,1,1,M,1995,Married,Professional,124000,2,1,Bachelors,US,New Mexico,North Justin,91096,ONE_SHOT,0.803,FreshNest,us,PAID_SOCIAL
489,2021-07-03,Lori,Ingram,kennedyjames@example.org,001-572-881-2356x798,1,1,1,M,1993,Single,Management,31000,4,1,Graduate Degree,US,Mississippi,Scottstad,37862,CHURN_RISK,0.907,FreshNest,us,ORGANIC
490,2021-07-11,Kyle,,christopherbruce@example.net,379.795.6353,1,1,1,M,1966,Single,Professional,68000,0,0,Bachelors,US,Alaska,Williamsmouth,53891,GROWING,0.634,BreezeLine,us,REFERRAL
491,2021-07-15,Tricia,Park,,286-573-4257x54090,0,1,1,F,1972,Single,Management,95000,0,1,High School,US,Kansas,East Rachelview,99819,DECLINING,0.791,FreshNest,us,AFFILIATE
492,2021-07-17,Steven,,meadowsmary@example.net,,0,0,0,M,1972,Married,Retired,54000,0,1,High School,US,North Carolina,New Tonya,49495,ONE_SHOT,0.868,AromaDrive,us,EMAIL
493,2021-07-17,Gabriel,White,,464-819-7857x5851,0,0,1,M,1993,Married,Professional,71000,4,1,High School,US,Arizona,Marilynville,00979,DECLINING,0.79,FreshNest,us,PAID_SOCIAL
494,2021-07-18,Stefanie,Fox,,001-851-605-0537x95381,0,1,0,F,1999,Single,Retired,40000,0,1,Bachelors,US,Indiana,Port Judytown,94305,DECLINING,0.644,FreshNest,us,PAID_SEARCH
495,2021-07-19,Brian,Hill,ariel18@example.org,913.263.6317,0,1,0,M,1998,Divorced,Manual,30000,0,0,Partial High School,US,New Jersey,South Mariachester,80292,GROWING,0.518,FreshNest,us,AFFILIATE
496,2021-07-19,Ashlee,Steele,clarkrandy@example.org,404.903.2537x65769,0,1,1,M,2003,Married,Skilled Manual,78000,0,0,Bachelors,US,Minnesota,South Cindy,93455,LOYAL_LIGHT,0.372,FreshNest,us,PAID_SOCIAL
497,2021-07-22,Laura,,harristonya@example.com,495.967.7665x75460,0,1,1,F,1993,Married,Skilled Manual,59000,2,0,High School,US,Connecticut,East Pamela,24743,LOYAL_LIGHT,0.456,BreezeLine,us,AFFILIATE
498,2021-07-24,Andrew,Mcneil,ruizjoyce@example.net,330.977.0461,1,1,0,F,2001,Married,Skilled Manual,73000,2,0,Bachelors,US,Georgia,East Tanyaville,36606,GROWING,0.666,AromaDrive,us,ORGANIC
499,2021-07-26,Chelsea,Boyd,hsmith@example.net,+1-515-685-1743x2806,0,1,1,M,1994,Married,Skilled Manual,42000,0,0,High School,US,Minnesota,West Ericborough,09159,LOYAL_HEAVY,0.36,FreshNest,us,ORGANIC
500,2021-07-26,Melissa,Vang,andrew44@example.com,001-257-804-1200x9282,1,1,1,F,1995,Single,Professional,85000,3,1,High School,US,Virginia,South Brianburgh,58111,ONE_SHOT,0.847,BreezeLine,us,ORGANIC
501,2021-07-29,Ryan,,,,0,0,0,F,1986,Single,Manual,22000,3,1,Partial College,US,Tennessee,Cooperport,79736,CHURN_RISK,0.968,BreezeLine,us,EMAIL
502,2021-08-01,Angela,Wilson,bartonshannon@example.net,511-376-7412x4151,0,0,0,M,1990,Single,Management,31000,1,1,High School,US,Wisconsin,Grimesfort,58578,LOYAL_LIGHT,0.253,FreshNest,us,PAID_SOCIAL
503,2021-08-04,Randy,Thompson,,596.466.1347,0,1,1,M,1980,Divorced,Self-Employed,38000,4,1,High School,US,Washington,New Anthony,14680,DECLINING,0.697,BreezeLine,us,ORGANIC
504,2021-08-08,Robert,,,(916)875-6770x02842,0,1,1,M,1988,Married,Management,45000,0,0,High School,US,Alabama,Susanshire,85940,LOYAL_HEAVY,0.3,BreezeLine,us,AFFILIATE
505,2021-08-09,Reginald,Robinson,,699-875-8172,0,0,1,M,1990,Single,Skilled Manual,73000,1,1,High School,US,Utah,East Taylorburgh,65182,ONE_SHOT,0.853,BreezeLine,us,AFFILIATE
506,2021-08-14,Jamie,Brown,christinebecker@example.com,(719)968-9313x5030,0,1,1,F,2005,Married,Skilled Manual,62000,1,0,High School,US,Minnesota,Port Henry,63425,ONE_SHOT,0.933,FreshNest,us,ORGANIC
507,2021-08-16,Mike,Padilla,meltonmelanie@example.org,,1,0,0,M,1976,Married,Skilled Manual,149000,3,0,Bachelors,US,Massachusetts,Walterton,50235,ONE_SHOT,0.637,BreezeLine,us,PAID_SOCIAL
508,2021-08-16,Karen,Jones,gary15@example.com,+1-603-403-2432x98395,0,1,1,M,1984,Divorced,Management,33000,2,1,Bachelors,US,New Hampshire,North Sarah,36532,ONE_SHOT,0.776,BreezeLine,us,PAID_SOCIAL
509,2021-08-16,Anthony,Williams,tthomas@example.org,001-313-307-2407x8754,0,0,0,F,1971,Married,Professional,26000,3,1,Bachelors,US,Wyoming,North Bradleyton,16034,DECLINING,0.66,AromaDrive,us,ORGANIC
510,2021-08-19,Brent,Austin,michaeljohnson@example.org,(863)571-8344x049,0,1,1,M,1984,Single,Management,42000,0,1,Partial College,US,Louisiana,South Tracy,57838,LOYAL_LIGHT,0.414,FreshNest,us,PAID_SOCIAL
511,2021-08-21,Sara,Gross,,001-519-318-1828x1979,0,1,1,F,2000,Single,Retired,38000,0,1,Partial College,US,Ohio,Richardberg,06718,GROWING,0.459,FreshNest,us,ORGANIC
512,2021-08-23,Caitlin,Valentine,,9662843356,0,1,0,F,1989,Married,Student,69000,2,1,High School,US,Connecticut,Alvarezhaven,31715,GROWING,0.595,BreezeLine,us,EMAIL
513,2021-08-23,Charles,Bowman,vaughangary@example.net,+1-816-202-5298x67076,1,1,1,M,1995,Single,Clerical,180000,0,1,High School,US,Nebraska,East Leslie,77663,GROWING,0.605,AromaDrive,us,EMAIL
514,2021-09-01,Rick,Hayes,,8924268592,0,1,1,F,1990,Married,Manual,59000,0,0,Graduate Degree,US,Colorado,North Nicholastown,68604,LOYAL_LIGHT,0.358,BreezeLine,us,AFFILIATE
515,2021-09-01,Donna,Taylor,candice94@example.com,001-479-477-2781x050,1,1,0,M,1996,Single,Clerical,118000,2,1,Partial High School,US,Rhode Island,Haleyfort,81705,ONE_SHOT,0.716,AromaDrive,us,PAID_SOCIAL
516,2021-09-04,Rodney,Richard,,701.882.0433x97189,0,1,1,F,1979,Married,Skilled Manual,39000,0,1,Graduate Degree,US,Maryland,Lake Christopherfurt,54396,GROWING,0.627,FreshNest,us,ORGANIC
517,2021-09-05,Kevin,Whitney,tiffanysantiago@example.com,+1-976-599-8426,1,1,1,M,1980,Married,Skilled Manual,33000,3,0,Partial College,US,Virginia,Port Morgan,53897,GROWING,0.639,AromaDrive,us,REFERRAL
518,2021-09-05,Kristy,Wagner,hallpaul@example.org,001-950-418-4819x73741,0,1,0,M,1991,Divorced,Management,60000,1,0,Bachelors,US,Nevada,Lake Andrewshire,72262,DECLINING,0.605,AromaDrive,us,PAID_SOCIAL
519,2021-09-06,Crystal,Leblanc,carterpaul@example.org,626.948.7049,0,1,1,M,1991,Married,Clerical,66000,0,0,Partial College,US,Florida,Michelleland,13080,LOYAL_LIGHT,0.457,AromaDrive,us,REFERRAL
520,2021-09-08,Jasmine,,,001-587-720-9628x93654,0,1,1,M,1970,Single,Manual,51000,2,0,Bachelors,US,Louisiana,Pageburgh,17828,DECLINING,0.869,FreshNest,us,PAID_SOCIAL
521,2021-09-10,Ashley,Tran,cheryl63@example.com,978.951.9358x37490,1,1,1,M,1973,Married,Clerical,53000,1,1,Bachelors,US,Iowa,Garyton,31993,ONE_SHOT,0.991,AromaDrive,us,REFERRAL
522,2021-09-11,Joshua,Schneider,,001-633-594-3945x7039,0,1,1,F,1988,Married,Professional,31000,1,1,Graduate Degree,US,Illinois,South Victoriaton,16442,DECLINING,0.643,AromaDrive,us,ORGANIC
523,2021-09-14,Thomas,Hoffman,ncook@example.com,(545)427-9852x401,1,1,1,M,1977,Married,Professional,23000,0,1,High School,US,Wisconsin,East Brandonport,72617,LOYAL_LIGHT,0.18,FreshNest,us,PAID_SEARCH
524,2021-09-16,Robert,Shaw,,(810)555-2472,0,0,1,F,1986,Single,Professional,39000,0,0,Bachelors,US,Oklahoma,Floresstad,82779,DECLINING,0.798,FreshNest,us,PAID_SOCIAL
525,2021-09-16,William,Gomez,thomasmendez@example.org,001-343-681-1995x37660,1,1,1,F,1972,Single,Management,54000,1,1,High School,US,Virginia,Heatherberg,29049,GROWING,0.343,FreshNest,us,PAID_SEARCH
526,2021-09-17,Kathleen,,,001-617-573-1806x325,0,1,1,F,1969,Divorced,Clerical,29000,1,1,High School,US,Wyoming,Smithport,79176,LOYAL_LIGHT,0.623,BreezeLine,us,PAID_SOCIAL
527,2021-09-20,Monique,Cabrera,rosskaitlyn@example.com,935.282.6862,0,1,1,M,2003,Single,Skilled Manual,34000,0,0,High School,US,Oklahoma,New Brianfurt,48810,LOYAL_HEAVY,0.358,BreezeLine,us,PAID_SEARCH
528,2021-09-21,Lisa,Decker,adamortiz@example.org,833.473.6346,1,0,1,F,1986,Single,Professional,60000,0,1,Partial High School,US,Pennsylvania,Dustinstad,50845,ONE_SHOT,0.735,AromaDrive,us,PAID_SOCIAL
529,2021-09-23,Sheila,Atkins,rubendavis@example.org,,1,0,0,M,2000,Single,Skilled Manual,27000,2,0,High School,US,Louisiana,East Caleb,06659,DECLINING,0.836,AromaDrive,us,PAID_SOCIAL
530,2021-09-26,Dawn,Williams,josephortiz@example.org,909-261-7981,0,1,1,F,1983,Married,Professional,52000,0,1,Partial College,US,Hawaii,North Kimberlyshire,96152,ONE_SHOT,0.893,AromaDrive,us,PAID_SOCIAL
531,2021-10-05,Edward,Farrell,josephfloyd@example.com,3248403304,1,1,1,F,1989,Married,Skilled Manual,72000,0,1,Bachelors,US,California,Melissachester,19804,ONE_SHOT,0.844,BreezeLine,us,PAID_SEARCH
532,2021-10-05,Gina,,zunigathomas@example.org,689.243.1910x0900,0,1,1,F,1997,Single,Manual,20000,0,1,Bachelors,US,Idaho,New Kimberly,94983,DECLINING,0.781,AromaDrive,us,PAID_SEARCH
533,2021-10-07,Jacob,Williams,stephanie72@example.org,512.215.1342x2849,1,1,1,M,1989,Single,Clerical,42000,0,1,Bachelors,US,South Dakota,North Joanne,75435,DECLINING,0.731,FreshNest,us,ORGANIC
534,2021-10-08,,Thompson,cnelson@example.com,555.266.0847x06810,1,1,1,M,2003,Married,Retired,86000,1,0,Partial College,US,Georgia,Port Crystalstad,58084,CHURN_RISK,0.873,BreezeLine,us,PAID_SOCIAL
535,2021-10-09,Jennifer,Maxwell,,954.694.0128,0,1,1,M,1993,Married,Skilled Manual,87000,1,0,Bachelors,US,Colorado,Janetmouth,26123,GROWING,0.442,FreshNest,us,ORGANIC
536,2021-10-10,Debbie,Rhodes,frankmclaughlin@example.com,,0,0,0,M,2002,Single,Clerical,8000,0,0,High School,US,Kentucky,Lake Danielport,20681,GROWING,0.54,AromaDrive,us,EMAIL
537,2021-10-11,John,Morrison,,510-376-0954,0,1,0,M,1987,Divorced,Professional,51000,1,1,Partial College,US,Alaska,Morenomouth,77382,ONE_SHOT,0.939,FreshNest,us,EMAIL
538,2021-10-17,Laura,Young,,692-512-4938,0,1,1,F,1975,Single,Professional,113000,4,0,High School,US,Montana,Rangelborough,48723,GROWING,0.535,FreshNest,us,PAID_SEARCH
539,2021-10-18,Christopher,Davis,christophergarcia@example.org,,0,0,0,F,1965,Single,Clerical,119000,0,0,Partial College,US,Maine,Matthewburgh,25623,CHURN_RISK,0.964,FreshNest,us,EMAIL
540,2021-10-18,Andrea,Adams,nicholasgray@example.net,001-631-379-5563x31857,0,1,1,M,1978,Married,Skilled Manual,89000,4,0,High School,US,Utah,Janetmouth,51496,GROWING,0.69,FreshNest,us,PAID_SOCIAL
541,2021-10-19,Julie,Bishop,wisealexandria@example.org,676-892-1053x3651,0,1,1,F,1983,Married,Retired,38000,0,1,High School,US,Washington,New Deannashire,83229,GROWING,0.585,AromaDrive,us,ORGANIC
542,2021-10-25,Catherine,,brenda71@example.com,+1-374-357-3144x15833,1,1,1,F,2003,Single,Clerical,26000,0,0,Bachelors,US,Arizona,East Jacquelineport,33229,LOYAL_LIGHT,0.531,FreshNest,us,PAID_SOCIAL
543,2021-10-28,Tim,Henry,samantha22@example.net,8856456676,1,1,0,M,2002,Married,Student,40000,3,0,Graduate Degree,US,Kentucky,North Nathanhaven,70415,DECLINING,0.672,AromaDrive,us,AFFILIATE
544,2021-10-31,Christian,Harvey,,,0,0,0,M,1997,Single,Professional,42000,0,1,Bachelors,US,Illinois,Jennifermouth,47751,LOYAL_LIGHT,0.593,FreshNest,us,ORGANIC
545,2021-11-14,Jesse,Hernandez,,372-830-8481x00184,0,0,1,M,1996,Single,Professional,29000,0,1,High School,US,California,West Keith,69422,DECLINING,0.928,FreshNest,us,ORGANIC
546,2021-11-21,Lee,Thompson,smithmaria@example.org,(210)542-7523,0,1,1,M,2006,Married,Skilled Manual,43000,3,1,High School,US,North Carolina,Port Tinafurt,26985,GROWING,0.468,BreezeLine,us,PAID_SOCIAL
547,2021-11-21,,Silva,astewart@example.org,001-375-419-1023,0,1,1,F,1993,Married,Skilled Manual,48000,0,0,Partial College,US,Texas,North Jasminestad,69838,LOYAL_HEAVY,0.024,AromaDrive,us,PAID_SEARCH
548,2021-11-22,Amanda,,qmartinez@example.com,,1,0,0,M,2002,Married,Management,55000,2,0,High School,US,Hawaii,North Jenniferview,56965,GROWING,0.491,AromaDrive,us,PAID_SOCIAL
549,2021-11-22,,Edwards,macdonalddylan@example.org,(460)782-1371x184,0,1,1,F,1985,Divorced,Manual,68000,2,1,High School,US,Delaware,East Hannahshire,00894,ONE_SHOT,0.778,FreshNest,us,PAID_SOCIAL
550,2021-11-23,,,urice@example.org,001-695-901-4556x1681,1,1,0,M,1991,Single,Clerical,103000,4,1,High School,US,Alaska,Bennettstad,41729,GROWING,0.478,FreshNest,us,PAID_SOCIAL
551,2021-11-23,Monique,Farrell,patrick21@example.net,988.317.8847x9513,0,1,1,F,1991,Single,Professional,82000,0,1,Bachelors,US,Hawaii,Emilychester,56396,DECLINING,0.708,BreezeLine,us,ORGANIC
552,2021-11-24,Michael,Roberts,omills@example.net,282-395-8292x36161,1,1,1,F,1995,Single,Retired,57000,2,1,Graduate Degree,US,Oklahoma,Sanderston,60678,GROWING,0.596,FreshNest,us,PAID_SEARCH
553,2021-11-25,Amy,Chambers,,676.500.4908x240,0,1,1,F,1995,Married,Skilled Manual,30000,0,1,Bachelors,US,Arkansas,North Michael,05879,DECLINING,1.0,AromaDrive,us,EMAIL
554,2021-11-25,David,,normanbowers@example.org,649.229.7517x0281,1,1,1,F,2000,Married,Clerical,84000,0,1,Partial College,US,Wisconsin,Anthonyfurt,57176,DECLINING,0.759,AromaDrive,us,REFERRAL
555,2021-11-26,Wendy,Knight,joshuapadilla@example.org,(438)629-6577,1,1,1,M,1978,Married,Retired,123000,0,1,High School,US,Oregon,Santiagoshire,47278,CHURN_RISK,0.949,BreezeLine,us,PAID_SEARCH
556,2021-11-26,Lauren,Morrison,michael56@example.net,+1-987-833-9785x59821,0,1,1,F,2003,Single,Professional,92000,1,1,High School,US,Montana,South Jessica,76338,GROWING,0.512,BreezeLine,us,ORGANIC
557,2021-11-27,Jason,Stein,jeffery48@example.net,+1-860-596-2626x582,0,1,1,F,1987,Single,Manual,75000,0,0,High School,US,Washington,East Raymondberg,20396,DECLINING,0.656,FreshNest,us,ORGANIC
558,2021-11-30,Diana,Bates,joymorales@example.org,001-252-318-2307x68104,1,1,1,M,1998,Married,Clerical,49000,2,1,Bachelors,US,Minnesota,Powellmouth,81997,ONE_SHOT,0.725,FreshNest,us,PAID_SEARCH
559,2021-12-04,Angela,Stephens,avilatiffany@example.com,(214)358-6833,0,1,0,F,1984,Married,Professional,22000,0,0,Partial High School,US,Indiana,Gonzaleztown,57587,ONE_SHOT,0.854,FreshNest,us,REFERRAL
560,2021-12-09,,Brown,kellythompson@example.net,812.837.1067x28728,0,1,1,F,1984,Married,Retired,28000,0,0,Bachelors,US,Virginia,East Eric,59149,CHURN_RISK,0.961,FreshNest,us,PAID_SOCIAL
561,2021-12-10,Jody,Hicks,,001-867-954-8581x93242,0,1,1,F,1991,Single,Manual,57000,0,1,High School,US,New Hampshire,New Cesarfurt,62651,LOYAL_HEAVY,0.189,AromaDrive,us,PAID_SOCIAL
562,2021-12-16,Noah,Foley,rbennett@example.net,599-203-8498,1,1,1,M,1984,Single,Management,119000,0,1,Bachelors,US,Nebraska,Waltonhaven,22376,GROWING,0.662,FreshNest,us,EMAIL
563,2021-12-16,Monica,Collins,kellymueller@example.net,(489)873-1791,0,1,1,F,1985,Married,Professional,35000,3,1,High School,US,Hawaii,Braunshire,53304,ONE_SHOT,0.881,FreshNest,us,EMAIL
564,2021-12-17,Chris,Hines,wendyburton@example.net,3428269312,0,1,0,M,1986,Single,Clerical,60000,3,0,High School,US,Utah,Petersburgh,13656,CHURN_RISK,0.926,BreezeLine,us,ORGANIC
565,2021-12-20,William,Jimenez,ajackson@example.net,,0,0,0,F,2001,Married,Skilled Manual,16000,0,0,High School,US,Ohio,Nicoleburgh,47578,DECLINING,0.688,AromaDrive,us,ORGANIC
566,2021-12-23,Chelsea,Johnson,bethwilliams@example.com,,1,0,0,F,1984,Single,Retired,35000,0,1,Bachelors,US,Idaho,Stevenmouth,93589,LOYAL_HEAVY,0.397,BreezeLine,us,EMAIL
567,2021-12-24,Billy,Jackson,,371.800.6876,0,1,1,M,1995,Single,Clerical,31000,1,1,Partial College,US,Rhode Island,Gregoryberg,63091,LOYAL_HEAVY,0.111,AromaDrive,us,REFERRAL
568,2021-12-26,Kimberly,Ramirez,adkinssean@example.net,+1-274-284-5398x62895,0,1,1,M,1990,Married,Retired,33000,2,0,High School,US,Delaware,North Rebecca,12406,ONE_SHOT,0.906,BreezeLine,us,REFERRAL
569,2021-12-28,Alan,Williams,bsmith@example.org,,1,0,0,F,1985,Single,Clerical,66000,1,1,Partial High School,US,Washington,Port Barbara,05989,DECLINING,0.899,FreshNest,us,ORGANIC
570,2021-12-29,Stacey,Kelley,jasonparrish@example.net,4907421776,0,1,1,F,1996,Single,Professional,39000,1,0,Partial College,US,Iowa,Kevinton,88113,CHURN_RISK,0.9,AromaDrive,us,PAID_SOCIAL
571,2021-12-31,Michele,Hayes,stevenvargas@example.com,001-885-278-7255x87774,1,1,0,M,2000,Married,Professional,66000,2,1,High School,US,Missouri,Wangshire,86585,CHURN_RISK,0.957,BreezeLine,us,REFERRAL
572,2021-12-31,Susan,,longandrea@example.com,+1-241-777-2256,1,1,1,M,1981,Single,Manual,33000,0,0,High School,US,Wyoming,New Lukefort,89643,GROWING,0.594,AromaDrive,us,ORGANIC
573,2021-12-31,Joshua,Mitchell,hendersonvanessa@example.com,472-672-2397,1,1,0,M,1997,Single,Professional,14000,0,0,High School,US,North Dakota,West Matthewton,27251,GROWING,0.737,FreshNest,us,PAID_SEARCH
574,2022-01-05,Jeremy,Hines,nrodriguez@example.org,(776)947-2298x12099,1,1,1,M,1985,Single,Management,30000,3,0,High School,US,New York,Carolfurt,01507,GROWING,0.435,FreshNest,us,PAID_SOCIAL
575,2022-01-11,Melinda,Collins,,(225)880-3056,0,1,1,F,2001,Married,Self-Employed,48000,1,1,Partial College,US,Virginia,North James,44228,LOYAL_HEAVY,0.3,FreshNest,us,REFERRAL
576,2022-01-14,Ryan,Fox,lawrence09@example.org,+1-525-680-0106x18175,0,1,1,M,1994,Divorced,Retired,39000,0,0,Graduate Degree,US,Maine,Rodriguezshire,81167,ONE_SHOT,0.884,BreezeLine,us,PAID_SOCIAL
577,2022-01-17,Morgan,Cook,dunnjessica@example.net,+1-839-846-9434x606,1,1,1,F,1996,Single,Self-Employed,65000,1,0,Bachelors,US,Georgia,East Elaine,08255,DECLINING,0.641,AromaDrive,us,PAID_SEARCH
578,2022-01-18,Alyssa,,susan79@example.org,419-882-5309x25114,0,1,1,F,1997,Married,Manual,81000,1,1,Bachelors,US,New York,East William,36920,ONE_SHOT,0.889,BreezeLine,us,PAID_SEARCH
579,2022-01-18,Mary,Day,,848-646-8536,0,1,1,F,1986,Married,Professional,24000,2,0,Bachelors,US,Indiana,Lake Stephenport,54686,ONE_SHOT,0.69,BreezeLine,us,REFERRAL
580,2022-01-24,Guy,Gordon,warrenmary@example.org,,1,0,0,M,1990,Single,Clerical,59000,1,1,Bachelors,US,Colorado,Lake Eric,08201,GROWING,0.493,FreshNest,us,ORGANIC
581,2022-01-24,Douglas,Vaughan,ashleykrause@example.net,877.722.6602x562,1,1,0,M,1975,Single,Professional,50000,2,0,High School,US,North Carolina,New Martinport,11974,GROWING,0.631,BreezeLine,us,REFERRAL
582,2022-01-25,Chelsea,Wood,bradclark@example.com,,1,0,0,M,1999,Single,Skilled Manual,110000,0,0,High School,US,Connecticut,Rachelmouth,06072,ONE_SHOT,1.0,FreshNest,us,EMAIL
583,2022-01-29,James,Romero,megan82@example.com,+1-738-731-8491x966,1,1,1,M,1979,Single,Professional,80000,4,1,Bachelors,US,New York,Davidshire,02740,LOYAL_LIGHT,0.296,BreezeLine,us,ORGANIC
584,2022-01-30,Erica,,freemancrystal@example.org,(763)326-8685x074,1,1,1,F,1977,Single,Skilled Manual,105000,4,1,High School,US,New York,South Raymondland,21718,CHURN_RISK,1.0,FreshNest,us,AFFILIATE
585,2022-01-31,,Mendoza,,,0,0,0,M,1991,Married,Manual,62000,4,1,Bachelors,US,Vermont,Barrettshire,24613,ONE_SHOT,0.941,FreshNest,us,ORGANIC
586,2022-02-01,Jennifer,Mccormick,,508-864-0355x33803,0,0,1,M,1998,Single,Clerical,75000,2,0,Bachelors,US,Utah,Andrewhaven,70432,ONE_SHOT,0.791,BreezeLine,us,REFERRAL
587,2022-02-02,John,Davidson,,684.243.4481x23083,0,1,0,M,1986,Single,Retired,54000,0,1,Bachelors,US,Maryland,Gregoryberg,81029,DECLINING,0.669,FreshNest,us,PAID_SOCIAL
588,2022-02-05,Lisa,Hill,,+1-315-334-7355x2896,0,1,1,F,2003,Single,Skilled Manual,32000,2,0,Partial College,US,Arkansas,Christinaville,13932,GROWING,0.411,FreshNest,us,EMAIL
589,2022-02-05,Katelyn,,kaitlinberger@example.com,781-898-0770x460,1,1,0,F,1984,Married,Student,40000,1,1,Partial College,US,New Hampshire,Williamland,07499,GROWING,0.614,AromaDrive,us,ORGANIC
590,2022-02-06,James,Lawson,,713.735.9561x64205,0,1,1,F,2000,Single,Management,51000,0,1,High School,US,New Hampshire,North Joseph,36004,DECLINING,0.506,AromaDrive,us,ORGANIC
591,2022-02-07,,Henry,,001-520-471-0021x94672,0,1,1,F,1999,Single,Professional,47000,0,0,Partial College,US,Michigan,Jenniferstad,00859,GROWING,0.579,BreezeLine,us,PAID_SOCIAL
592,2022-02-07,Joseph,Burgess,,,0,0,0,M,1977,Married,Retired,89000,3,1,High School,US,North Carolina,Lawrenceville,85122,GROWING,0.528,FreshNest,us,REFERRAL
593,2022-02-07,Kevin,Roach,howardshaun@example.net,001-596-339-4568x0447,0,1,1,F,1994,Married,Skilled Manual,94000,2,0,Partial College,US,Minnesota,Petersonchester,91784,GROWING,0.473,FreshNest,us,PAID_SOCIAL
594,2022-02-13,Martin,Hernandez,haroldhorne@example.org,001-463-662-0501x5081,1,1,1,M,1978,Married,Clerical,56000,2,0,Partial College,US,North Dakota,New Jason,35075,DECLINING,0.717,AromaDrive,us,EMAIL
595,2022-02-13,Katherine,Washington,xwalker@example.net,735.798.4884x021,0,1,1,F,2003,Single,Skilled Manual,51000,0,0,Partial College,US,Georgia,West Monica,55639,GROWING,0.718,AromaDrive,us,ORGANIC
596,2022-02-14,,Tucker,jasonrojas@example.net,9616027769,0,1,1,F,1989,Single,Professional,39000,1,1,Bachelors,US,Vermont,North Jerry,70433,DECLINING,0.7,BreezeLine,us,EMAIL
597,2022-02-15,Steven,Roberts,wgomez@example.com,722.251.2073x46549,1,1,0,M,1993,Married,Professional,88000,2,0,Graduate Degree,US,New Hampshire,North Elizabethburgh,41624,LOYAL_HEAVY,0.2,BreezeLine,us,ORGANIC
598,2022-02-16,Amanda,Sanders,,(614)347-7324,0,1,1,M,1987,Divorced,Self-Employed,49000,4,1,High School,US,Utah,West Samanthafurt,36411,GROWING,0.701,AromaDrive,us,AFFILIATE
599,2022-02-17,William,Wright,guerrerorobert@example.com,642.445.7988,1,1,1,F,1986,Divorced,Professional,38000,2,0,High School,US,Connecticut,Bradleyfort,58558,LOYAL_LIGHT,0.366,BreezeLine,us,AFFILIATE
600,2022-02-18,Beth,,samantha91@example.net,(939)534-3626x20443,0,1,1,M,1988,Married,Clerical,86000,1,1,Bachelors,US,New Hampshire,Lake Veronicaside,94667,GROWING,0.487,AromaDrive,us,PAID_SOCIAL
601,2022-02-23,Ross,Williams,katherine83@example.org,001-685-391-6795,1,1,1,M,1989,Married,Professional,74000,4,1,Graduate Degree,US,Kansas,Brendahaven,18618,DECLINING,0.623,FreshNest,us,AFFILIATE
602,2022-02-25,Richard,Douglas,eewing@example.net,939-861-3674x99465,1,1,0,F,2004,Married,Self-Employed,74000,0,0,Bachelors,US,Virginia,Josephville,55580,GROWING,0.449,AromaDrive,us,EMAIL
603,2022-02-25,Jeremy,Wyatt,jwoodward@example.net,341.651.4888,0,1,1,M,1968,Divorced,Professional,36000,2,0,Bachelors,US,Wyoming,West Kimberly,56845,GROWING,0.662,AromaDrive,us,ORGANIC
604,2022-02-27,Lisa,Fowler,craigharvey@example.org,+1-893-397-4909,1,1,1,F,1996,Married,Skilled Manual,58000,2,0,Bachelors,US,Arkansas,Jeremymouth,75148,DECLINING,0.666,FreshNest,us,ORGANIC
605,2022-02-28,Ryan,Miller,kimberlywarren@example.net,,0,0,0,M,1992,Married,Clerical,43000,0,0,High School,US,Wisconsin,West Johnmouth,69575,ONE_SHOT,0.882,BreezeLine,us,ORGANIC
606,2022-03-02,Alicia,Bryant,,(671)628-5246,0,1,1,F,1985,Married,Manual,25000,0,1,High School,US,West Virginia,Lake David,69300,GROWING,0.763,AromaDrive,us,PAID_SEARCH
607,2022-03-04,Joe,Craig,fburns@example.net,,0,0,0,F,1984,Single,Skilled Manual,30000,2,1,Bachelors,US,Iowa,Stevenmouth,81588,ONE_SHOT,0.796,BreezeLine,us,PAID_SOCIAL
608,2022-03-05,Elizabeth,May,yorksarah@example.net,001-335-206-1581x4888,0,1,0,F,2000,Single,Professional,184000,0,1,Graduate Degree,US,Colorado,Jenniferbury,18359,LOYAL_HEAVY,0.142,AromaDrive,us,PAID_SEARCH
609,2022-03-10,Brooke,Moore,gmaynard@example.net,392.761.3715x04165,1,1,0,F,1977,Married,Professional,29000,0,0,High School,US,Hawaii,Lake Joshuaburgh,31200,ONE_SHOT,0.993,FreshNest,us,PAID_SOCIAL
610,2022-03-10,Steven,,rogersmarcus@example.org,438-961-2590x4729,1,1,1,M,1994,Single,Self-Employed,90000,4,0,Bachelors,US,Georgia,Lake Josephshire,96509,LOYAL_LIGHT,0.346,FreshNest,us,PAID_SEARCH
611,2022-03-15,Mary,Pope,cannonlauren@example.net,+1-697-999-0707x550,1,1,1,M,1982,Married,Professional,66000,1,1,High School,US,New Hampshire,Mendozamouth,99296,LOYAL_HEAVY,0.155,FreshNest,us,ORGANIC
612,2022-03-16,Molly,Taylor,aprilmclaughlin@example.org,(431)440-3526x3560,0,1,0,M,1974,Single,Manual,58000,1,1,Bachelors,US,Ohio,East Andreaport,17207,GROWING,0.556,FreshNest,us,ORGANIC
613,2022-03-20,John,Lane,andersonbrittany@example.org,001-648-355-2457x8715,1,1,0,F,1988,Married,Skilled Manual,171000,3,1,Bachelors,US,Maryland,Robertsborough,95052,LOYAL_LIGHT,0.313,FreshNest,us,AFFILIATE
614,2022-03-21,,Montoya,,476-688-0294,0,1,1,F,1987,Single,Student,55000,1,0,Partial College,US,Wyoming,Butlermouth,76990,DECLINING,0.875,FreshNest,us,REFERRAL
615,2022-03-22,Robert,Anderson,,001-853-596-7275x7844,0,1,1,F,2007,Single,Clerical,83000,2,1,High School,US,Louisiana,North Emilyburgh,71511,LOYAL_LIGHT,0.486,FreshNest,us,REFERRAL
616,2022-03-28,Eric,Cole,alexandria49@example.net,+1-990-776-7699x150,1,0,1,M,1978,Married,Manual,31000,1,1,Partial High School,US,West Virginia,New Heatherville,17381,DECLINING,0.869,BreezeLine,us,ORGANIC
617,2022-04-01,Kristin,Romero,wileymichelle@example.com,(823)538-6559,1,1,0,F,1990,Married,Skilled Manual,21000,2,1,Partial College,US,Virginia,Victoriashire,08999,ONE_SHOT,0.777,BreezeLine,us,AFFILIATE
618,2022-04-01,James,Martin,,+1-370-868-2778,0,0,1,M,1997,Single,Skilled Manual,36000,0,0,High School,US,Montana,Ianhaven,60884,ONE_SHOT,0.834,BreezeLine,us,ORGANIC
619,2022-04-02,George,Fuller,jacob43@example.com,442.789.3113,1,1,1,M,1976,Single,Student,76000,0,1,High School,US,Montana,Victormouth,77417,DECLINING,0.61,BreezeLine,us,PAID_SOCIAL
620,2022-04-07,Howard,Le,,959.954.4294,0,1,1,M,1976,Single,Skilled Manual,60000,2,1,High School,US,Mississippi,East Megan,65636,DECLINING,0.724,FreshNest,us,ORGANIC
621,2022-04-09,Emily,,fmedina@example.com,953.927.3524x103,1,0,1,F,1985,Single,Professional,38000,2,1,Partial High School,US,Georgia,North Amberside,37244,DECLINING,0.511,AromaDrive,us,ORGANIC
622,2022-04-10,Daniel,,larry16@example.net,444-594-2965,1,1,1,F,1987,Divorced,Professional,45000,1,1,Graduate Degree,US,Oregon,Port Jenniferview,00897,DECLINING,0.6,BreezeLine,us,PAID_SOCIAL
623,2022-04-13,Christopher,Bolton,qwilliams@example.net,+1-854-693-0596x601,0,0,0,F,2005,Married,Professional,75000,4,0,Partial College,US,Nevada,Guzmanland,03391,ONE_SHOT,0.911,AromaDrive,us,PAID_SOCIAL
624,2022-04-13,Christopher,Wright,blacknicholas@example.org,600.566.6155x416,1,0,1,F,1992,Married,Skilled Manual,52000,0,0,Partial High School,US,South Dakota,Lake Jacquelineburgh,03619,GROWING,0.554,FreshNest,us,PAID_SOCIAL
625,2022-04-15,Teresa,Scott,,+1-729-261-8033x24260,0,1,1,M,1994,Married,Clerical,26000,3,1,Partial High School,US,California,Lucasshire,23344,GROWING,0.622,BreezeLine,us,ORGANIC
626,2022-04-22,Jasmine,Potts,,+1-761-372-1314x51951,0,1,0,M,1986,Single,Manual,64000,0,0,High School,US,Florida,Lake Dennisland,26739,DECLINING,0.634,AromaDrive,us,AFFILIATE
627,2022-04-25,Vincent,Rodriguez,iwhite@example.net,401-219-4707,1,1,1,M,2000,Single,Skilled Manual,54000,2,1,High School,US,Kansas,Elizabethborough,60962,ONE_SHOT,0.916,FreshNest,us,PAID_SOCIAL
628,2022-04-30,,Garcia,jonathan10@example.org,+1-431-843-5989,1,1,1,F,2003,Married,Clerical,35000,3,0,High School,US,New York,Simpsonside,50894,CHURN_RISK,0.956,FreshNest,us,AFFILIATE
629,2022-05-01,Daniel,Lester,meredith27@example.org,8365965666,1,1,1,F,2000,Divorced,Skilled Manual,152000,0,1,Bachelors,US,Arkansas,Kaufmanfurt,78055,LOYAL_LIGHT,0.405,BreezeLine,us,ORGANIC
630,2022-05-02,Curtis,Cain,,2249120957,0,1,1,M,1995,Married,Professional,102000,0,0,Partial College,US,Delaware,Port Richard,92784,ONE_SHOT,0.825,AromaDrive,us,PAID_SEARCH
631,2022-05-04,Lisa,Carson,hebertmatthew@example.com,619-269-3157x2791,1,1,1,M,1988,Married,Professional,51000,3,0,Bachelors,US,Maine,North Danielview,56836,LOYAL_LIGHT,0.523,BreezeLine,us,REFERRAL
632,2022-05-07,Curtis,Wolf,sanchezsandy@example.org,,0,0,0,F,1999,Married,Management,45000,2,0,High School,US,Illinois,Port Wendy,22861,LOYAL_LIGHT,0.423,FreshNest,us,PAID_SOCIAL
633,2022-05-08,Melissa,Hays,,(550)804-2548x82142,0,1,0,F,1975,Divorced,Manual,50000,2,0,Partial College,US,Kentucky,Estradaville,05396,ONE_SHOT,0.887,AromaDrive,us,PAID_SOCIAL
634,2022-05-09,Angela,Morales,lloydamanda@example.com,(895)843-1652,1,1,0,F,1995,Married,Clerical,59000,0,0,Bachelors,US,Kansas,South Thomasborough,43062,DECLINING,0.579,BreezeLine,us,PAID_SEARCH
635,2022-05-10,Phyllis,Solis,,,0,0,0,M,1995,Married,Student,32000,3,0,High School,US,Ohio,Sparksmouth,58461,LOYAL_LIGHT,0.289,BreezeLine,us,ORGANIC
636,2022-05-10,Taylor,Green,joshuastuart@example.com,,1,0,0,M,1997,Single,Retired,62000,3,1,Bachelors,US,Hawaii,Lake Sarahchester,24977,ONE_SHOT,0.702,BreezeLine,us,ORGANIC
637,2022-05-11,Danielle,Jennings,desireebailey@example.org,401-962-2499,1,1,0,F,1981,Single,Clerical,57000,1,1,Partial College,US,Rhode Island,Meaganville,54556,DECLINING,0.846,AromaDrive,us,ORGANIC
638,2022-05-14,Gregory,Mitchell,,,0,0,0,F,2001,Single,Professional,99000,1,1,Bachelors,US,Oklahoma,Stonefurt,43017,LOYAL_HEAVY,0.084,BreezeLine,us,EMAIL
639,2022-05-16,Sara,Morgan,reyesronald@example.com,2914436391,0,1,0,M,1969,Single,Skilled Manual,49000,3,1,High School,US,Missouri,Lake Moniquefort,06752,LOYAL_LIGHT,0.374,AromaDrive,us,REFERRAL
640,2022-05-17,Elizabeth,Reid,walkerjeffrey@example.com,,1,0,0,F,1994,Married,Skilled Manual,25000,0,1,High School,US,Delaware,Conradchester,47925,LOYAL_LIGHT,0.478,FreshNest,us,ORGANIC
641,2022-05-20,Timothy,Taylor,cwise@example.org,898.347.1690,0,1,1,M,1988,Single,Professional,52000,2,0,Partial High School,US,Texas,South Tiffany,02455,ONE_SHOT,0.808,FreshNest,us,REFERRAL
642,2022-05-21,Dana,Foster,kimberly04@example.org,(610)233-9937x8861,1,1,1,M,1976,Single,Skilled Manual,89000,1,0,Graduate Degree,US,Vermont,South Chelsea,08565,LOYAL_LIGHT,0.35,FreshNest,us,ORGANIC
643,2022-05-24,Phillip,Roberts,mercedesholland@example.net,+1-663-353-3905x504,0,1,1,M,1993,Single,Management,210000,0,0,High School,US,Missouri,Tiffanybury,85095,GROWING,0.426,BreezeLine,us,AFFILIATE
644,2022-05-27,Tracy,Collier,scottbowen@example.net,867-892-2877x72519,1,1,1,M,1980,Married,Management,22000,1,1,Partial College,US,Maine,South Morganfurt,83290,ONE_SHOT,0.862,AromaDrive,us,REFERRAL
645,2022-05-30,Anthony,Gibbs,,,0,0,0,F,1983,Married,Professional,49000,1,1,High School,US,New York,Port Sarah,60107,LOYAL_LIGHT,0.289,BreezeLine,us,AFFILIATE
646,2022-06-08,Joseph,Nelson,rarnold@example.net,,0,0,0,F,1999,Single,Professional,109000,2,0,Graduate Degree,US,Georgia,Cruzfort,65982,CHURN_RISK,0.911,FreshNest,us,PAID_SOCIAL
647,2022-06-11,Laurie,Harrison,johnsongeorge@example.com,001-536-337-1892x392,0,1,1,M,1982,Married,Self-Employed,96000,1,0,High School,US,Massachusetts,South Kyle,38990,DECLINING,0.624,AromaDrive,us,PAID_SOCIAL
648,2022-06-11,Anne,Zavala,,001-644-955-6185x7906,0,1,1,M,1994,Married,Clerical,184000,0,1,Bachelors,US,New York,South Jerry,36929,LOYAL_LIGHT,0.302,BreezeLine,us,PAID_SEARCH
649,2022-06-13,Rita,Dougherty,duranrobert@example.net,9649256908,1,1,0,F,1972,Married,Clerical,82000,0,0,Bachelors,US,Florida,East Danielmouth,20073,LOYAL_LIGHT,0.508,AromaDrive,us,PAID_SOCIAL
650,2022-06-13,,,lkelly@example.org,+1-765-755-5356x690,0,1,1,M,1986,Divorced,Skilled Manual,172000,2,1,High School,US,Michigan,Jacksonside,96779,GROWING,0.62,BreezeLine,us,PAID_SOCIAL
651,2022-06-17,Brooke,Ramos,,964.692.5158x3776,0,1,0,F,1996,Married,Clerical,47000,0,1,Partial College,US,Arizona,Smithstad,70366,GROWING,0.587,BreezeLine,us,ORGANIC
652,2022-06-18,Luis,Whitehead,,,0,0,0,M,1992,Married,Management,39000,0,1,Partial High School,US,South Dakota,South Shane,58312,ONE_SHOT,0.919,AromaDrive,us,AFFILIATE
653,2022-06-18,Julie,Silva,moniqueclark@example.org,(318)296-2887x43127,1,1,0,F,1997,Single,Management,134000,0,1,Graduate Degree,US,Virginia,Cassandraborough,29955,DECLINING,0.866,AromaDrive,us,PAID_SEARCH
654,2022-06-19,Rachel,,,558.703.0468x7506,0,1,1,F,1981,Single,Self-Employed,40000,2,0,Partial High School,US,South Dakota,Port Davidhaven,75871,LOYAL_LIGHT,0.416,BreezeLine,us,REFERRAL
655,2022-06-19,Jared,Martinez,,(320)737-5830x945,0,1,1,M,2000,Single,Clerical,50000,0,0,Partial High School,US,Texas,West Jonathan,47616,GROWING,0.562,FreshNest,us,PAID_SEARCH
656,2022-06-20,,Wallace,juliahoffman@example.org,697-564-6136x847,1,1,1,M,1984,Married,Professional,52000,0,0,Partial College,US,Arkansas,Delacruzside,60951,GROWING,0.528,AromaDrive,us,PAID_SOCIAL
657,2022-06-22,Timothy,Preston,jamiejennings@example.org,+1-324-540-7931x10291,1,1,0,M,1980,Married,Professional,82000,2,1,Partial College,US,Arkansas,North Jason,68077,LOYAL_LIGHT,0.5,BreezeLine,us,PAID_SEARCH
658,2022-06-27,Justin,Santiago,,(455)628-9931x60875,0,1,1,M,1985,Single,Self-Employed,71000,0,0,Bachelors,US,Texas,Fernandezland,22906,GROWING,0.525,FreshNest,us,PAID_SEARCH
659,2022-06-30,Tammy,Spencer,jose56@example.net,298.777.5153x66377,1,1,1,F,1982,Single,Professional,101000,1,0,Partial College,US,Massachusetts,New Catherine,88338,DECLINING,0.652,AromaDrive,us,ORGANIC
660,2022-07-04,Jessica,Le,michaelpugh@example.com,704.931.0385x695,1,1,1,F,1970,Married,Management,225000,1,0,Bachelors,US,Wisconsin,Tammyville,59652,LOYAL_HEAVY,0.232,BreezeLine,us,PAID_SEARCH
661,2022-07-09,Leonard,Gibson,griffinemily@example.org,(903)617-8078x235,1,1,1,F,1983,Married,Skilled Manual,80000,1,1,Bachelors,US,Mississippi,New Jefferyhaven,03665,DECLINING,0.709,BreezeLine,us,ORGANIC
662,2022-07-09,James,Gomez,tamaranovak@example.com,,1,0,0,M,1979,Single,Professional,25000,0,1,Partial High School,US,Colorado,West Samanthachester,86732,LOYAL_HEAVY,0.0,BreezeLine,us,EMAIL
663,2022-07-11,Joseph,Parker,,686-645-1837x606,0,0,1,F,1984,Divorced,Manual,64000,0,1,Bachelors,US,North Dakota,Lake Tyler,00942,DECLINING,0.763,FreshNest,us,REFERRAL
664,2022-07-13,Marilyn,,scotthall@example.net,(910)953-1611,1,1,0,F,2004,Single,Professional,40000,4,1,Bachelors,US,Colorado,Maloneton,42379,ONE_SHOT,0.845,FreshNest,us,AFFILIATE
665,2022-07-15,Robin,Harper,jim95@example.net,001-771-742-2410x98813,1,1,1,M,1981,Married,Professional,85000,2,1,Partial College,US,Wisconsin,South Katherinechester,67868,DECLINING,0.657,AromaDrive,us,PAID_SOCIAL
666,2022-07-16,Jason,Burns,,417-851-8689,0,1,1,F,1996,Divorced,Clerical,123000,1,0,Bachelors,US,Kansas,New Sarah,01647,ONE_SHOT,0.849,FreshNest,us,PAID_SOCIAL
667,2022-07-18,Robert,Hale,gallagherstacie@example.net,938-706-9847,0,0,1,M,2000,Married,Professional,89000,0,0,Bachelors,US,Kentucky,North Courtney,68583,LOYAL_LIGHT,0.615,AromaDrive,us,AFFILIATE
668,2022-07-24,,,katiegood@example.net,,1,0,0,F,2004,Married,Management,73000,2,1,High School,US,North Dakota,Piercefurt,61661,LOYAL_HEAVY,0.251,AromaDrive,us,REFERRAL
669,2022-07-27,Christine,Clay,madkins@example.com,,1,0,0,F,1993,Married,Self-Employed,25000,0,0,Graduate Degree,US,New York,Michaeltown,57686,LOYAL_LIGHT,0.401,BreezeLine,us,PAID_SOCIAL
670,2022-07-28,Jeffery,King,,515.491.0300x2156,0,1,1,M,1993,Married,Clerical,79000,2,0,Graduate Degree,US,New Hampshire,East Carolton,94720,DECLINING,0.646,AromaDrive,us,ORGANIC
671,2022-07-30,Ricardo,Cole,danielcole@example.com,961.686.3715,1,1,1,M,1957,Married,Professional,17000,0,0,High School,US,Georgia,Clayville,91614,GROWING,0.594,FreshNest,us,ORGANIC
672,2022-07-31,Julie,Cox,kchristian@example.org,307.607.0578x360,0,1,1,F,2003,Divorced,Clerical,36000,4,0,Partial College,US,Tennessee,New Connormouth,04638,LOYAL_LIGHT,0.361,FreshNest,us,PAID_SEARCH
673,2022-08-02,Jason,,cassie99@example.com,(738)804-6827,1,1,1,M,1997,Single,Professional,46000,2,1,Bachelors,US,South Dakota,Whitneyside,09491,GROWING,0.491,BreezeLine,us,PAID_SOCIAL
674,2022-08-07,Veronica,Joseph,,(696)448-8319x213,0,1,1,F,1999,Divorced,Professional,36000,3,0,Bachelors,US,Rhode Island,Lake Amyland,51229,DECLINING,0.532,BreezeLine,us,EMAIL
675,2022-08-09,Christopher,Morrison,,2332190368,0,1,1,F,1999,Single,Manual,121000,3,0,Bachelors,US,South Carolina,Payneview,56771,LOYAL_LIGHT,0.564,BreezeLine,us,REFERRAL
676,2022-08-13,Bonnie,Gould,reynoldsjessica@example.com,(804)241-3845,1,1,1,M,2000,Married,Retired,18000,0,0,Partial College,US,Alabama,East Jasonchester,45292,DECLINING,0.919,BreezeLine,us,PAID_SOCIAL
677,2022-08-14,Michelle,Villegas,smithjonathan@example.net,2767986407,1,1,1,F,1991,Married,Manual,54000,0,1,High School,US,South Dakota,Scottborough,19626,ONE_SHOT,0.916,AromaDrive,us,ORGANIC
678,2022-08-14,Patrick,Jimenez,johnsjessica@example.com,492.398.8085x83825,0,1,1,M,1980,Single,Skilled Manual,60000,4,1,Graduate Degree,US,California,New Cherylport,09939,LOYAL_LIGHT,0.282,BreezeLine,us,ORGANIC
679,2022-08-21,Sarah,,,329.834.1722x3297,0,1,1,F,1999,Single,Clerical,70000,0,0,Bachelors,US,Hawaii,Karenview,11647,LOYAL_LIGHT,0.316,AromaDrive,us,ORGANIC
680,2022-08-25,Craig,Newton,,2385860868,0,0,1,F,2000,Single,Clerical,78000,2,1,Bachelors,US,Arkansas,Port Christopher,75554,LOYAL_LIGHT,0.495,FreshNest,us,PAID_SOCIAL
681,2022-08-25,Yolanda,Ruiz,,546-607-4555,0,1,1,F,1987,Married,Skilled Manual,154000,0,1,High School,US,Massachusetts,Lewisfurt,33937,GROWING,0.435,BreezeLine,us,PAID_SEARCH
682,2022-08-26,Colin,Colon,adamreyes@example.com,,1,0,0,M,1971,Married,Management,66000,0,0,Partial High School,US,South Carolina,Ramosfurt,98895,CHURN_RISK,1.0,FreshNest,us,REFERRAL
683,2022-08-27,Vincent,,andrewsjeremy@example.com,,1,0,0,M,1959,Single,Clerical,58000,1,1,Bachelors,US,Arizona,Kelseyfort,69024,GROWING,0.648,FreshNest,us,ORGANIC
684,2022-08-30,Matthew,Stevenson,gregory81@example.net,,0,0,0,F,1988,Single,Skilled Manual,81000,0,0,Graduate Degree,US,Minnesota,Gonzalezton,94249,ONE_SHOT,0.803,AromaDrive,us,PAID_SOCIAL
685,2022-09-02,Mary,Bullock,livingstonstacy@example.com,2269876811,1,1,1,M,1985,Single,Professional,82000,0,0,High School,US,Missouri,Changmouth,12993,DECLINING,0.796,BreezeLine,us,EMAIL
686,2022-09-02,Judy,Holland,austinharvey@example.org,452.570.1713x02321,0,1,0,F,1993,Divorced,Professional,38000,1,1,Bachelors,US,Illinois,Carlosborough,27064,GROWING,0.793,BreezeLine,us,ORGANIC
687,2022-09-06,David,Acosta,susanwells@example.net,001-242-535-6778x26596,0,1,1,F,2001,Married,Management,40000,3,0,Graduate Degree,US,Vermont,Baileyborough,97491,CHURN_RISK,0.863,FreshNest,us,PAID_SOCIAL
688,2022-09-19,James,Edwards,melaniedrake@example.net,766-267-0808,1,1,1,F,2001,Married,Self-Employed,72000,0,1,Partial College,US,North Carolina,Patriciaside,26090,LOYAL_LIGHT,0.35,FreshNest,us,PAID_SOCIAL
689,2022-09-22,Yvette,,robert11@example.net,+1-519-719-5419x876,1,1,1,M,1997,Single,Management,115000,2,1,Bachelors,US,Hawaii,West Aaronmouth,08549,DECLINING,0.897,BreezeLine,us,PAID_SEARCH
690,2022-09-23,Christine,Snyder,martinstephanie@example.net,6068512070,1,1,1,F,1992,Single,Management,32000,0,1,Partial College,US,Nebraska,Davidside,98430,DECLINING,0.616,BreezeLine,us,ORGANIC
691,2022-09-26,Whitney,,,001-902-527-8469,0,1,1,M,2002,Divorced,Retired,77000,1,1,Bachelors,US,Oregon,Melissaview,73713,GROWING,0.55,AromaDrive,us,AFFILIATE
692,2022-09-29,Jeffrey,Taylor,,427.319.5005,0,1,1,M,1980,Single,Student,53000,0,0,Bachelors,US,Florida,Port Chloe,90722,DECLINING,0.73,FreshNest,us,PAID_SEARCH
693,2022-10-01,Zachary,Meza,,,0,0,0,F,1991,Married,Professional,28000,2,0,Graduate Degree,US,West Virginia,Nicolemouth,80419,CHURN_RISK,0.862,FreshNest,us,PAID_SEARCH
694,2022-10-01,Colleen,Morrow,,001-367-834-5957x6403,0,1,0,M,1980,Single,Professional,40000,1,0,High School,US,Arizona,East Dustin,15832,DECLINING,0.694,FreshNest,us,EMAIL
695,2022-10-04,Wendy,Thompson,russojacob@example.net,001-912-384-7818x913,0,1,1,M,1989,Single,Professional,78000,2,1,High School,US,Nevada,Port Leeton,53706,GROWING,0.583,FreshNest,us,EMAIL
696,2022-10-05,Stephen,Stokes,,344.671.6392x8234,0,1,1,F,2005,Single,Clerical,23000,0,1,Bachelors,US,Colorado,West Laura,48240,ONE_SHOT,0.863,FreshNest,us,PAID_SOCIAL
697,2022-10-06,Janet,Santiago,,542.531.2209x949,0,1,1,M,1987,Single,Clerical,46000,3,1,High School,US,Pennsylvania,East Jeffrey,85043,ONE_SHOT,0.732,FreshNest,us,EMAIL
698,2022-10-07,Alexis,Moreno,msummers@example.net,765-622-0368x49951,0,1,1,M,1986,Single,Skilled Manual,62000,0,1,High School,US,Kentucky,Alyssashire,23953,DECLINING,0.617,AromaDrive,us,ORGANIC
699,2022-10-10,Justin,,luis11@example.com,876.818.2091,0,1,1,F,1972,Married,Management,76000,1,0,Partial College,US,North Dakota,Kevinhaven,81360,DECLINING,0.712,BreezeLine,us,PAID_SOCIAL
700,2022-10-12,Matthew,Robertson,,641.240.7034x9107,0,1,1,F,1996,Married,Manual,90000,0,1,Bachelors,US,Arkansas,Port Carlosville,59081,ONE_SHOT,0.739,AromaDrive,us,REFERRAL
701,2022-10-18,Joseph,Russell,chavezwilliam@example.com,,0,0,0,M,2001,Single,Professional,80000,4,1,Bachelors,US,North Carolina,Melissaview,03216,ONE_SHOT,0.701,FreshNest,us,EMAIL
702,2022-10-18,Cindy,Rose,max41@example.com,499-925-5027,1,1,1,F,1984,Single,Professional,55000,0,0,High School,US,Idaho,Elizabethstad,31538,LOYAL_LIGHT,0.259,BreezeLine,us,PAID_SEARCH
703,2022-10-25,Amy,Jones,lunapatricia@example.net,9566658833,1,1,1,M,1987,Single,Professional,37000,1,1,High School,US,Arizona,East Rachelland,34293,GROWING,0.625,FreshNest,us,ORGANIC
704,2022-10-28,John,Lamb,gmoore@example.com,2939068538,1,1,1,M,2000,Married,Skilled Manual,115000,1,1,Partial College,US,Illinois,Kristinebury,72090,GROWING,0.693,BreezeLine,us,PAID_SEARCH
705,2022-10-29,Melissa,Rogers,andrew41@example.org,8259625889,1,1,1,M,1990,Married,Skilled Manual,120000,0,1,High School,US,Texas,Lake Josephtown,47733,ONE_SHOT,0.871,FreshNest,us,PAID_SOCIAL
706,2022-10-30,Timothy,Fox,kwelch@example.com,+1-256-425-9045x9908,1,1,1,M,1981,Married,Professional,69000,4,1,Partial College,US,West Virginia,Lake Allisonmouth,19845,LOYAL_LIGHT,0.517,AromaDrive,us,PAID_SEARCH
707,2022-11-02,Marcus,Singleton,,001-773-382-6460x9178,0,1,1,F,1997,Married,Skilled Manual,69000,0,1,Partial High School,US,Nevada,Anthonyshire,24173,CHURN_RISK,0.823,AromaDrive,us,PAID_SOCIAL
708,2022-11-06,Jennifer,Simmons,danielhorton@example.org,001-530-610-2724x0559,0,1,1,F,1996,Married,Clerical,91000,2,0,Bachelors,US,Georgia,West Shawnport,08989,LOYAL_LIGHT,0.204,AromaDrive,us,ORGANIC
709,2022-11-11,Melinda,,gbailey@example.com,(451)536-4424x93631,0,0,1,M,1996,Married,Professional,166000,1,0,High School,US,New Hampshire,Baileybury,26836,LOYAL_LIGHT,0.416,AromaDrive,us,ORGANIC
710,2022-11-15,Alexander,Smith,susan03@example.org,+1-649-604-7128x14429,1,1,1,M,1976,Married,Professional,85000,1,0,Graduate Degree,US,Michigan,Johnburgh,21366,ONE_SHOT,0.902,BreezeLine,us,PAID_SOCIAL
711,2022-11-17,Barbara,,flamb@example.com,733-215-5206,0,1,1,M,1994,Divorced,Skilled Manual,24000,1,0,High School,US,Louisiana,Jeffreyview,02705,GROWING,0.426,BreezeLine,us,PAID_SEARCH
712,2022-11-17,Jenny,Bradley,meganrivera@example.net,955-211-6682x9732,1,1,1,F,2003,Married,Student,35000,2,1,High School,US,Idaho,Lake Carol,08180,DECLINING,0.633,BreezeLine,us,PAID_SOCIAL
713,2022-11-21,Tyler,Gonzalez,,952-373-4666x6170,0,1,1,F,1982,Married,Skilled Manual,67000,2,0,Bachelors,US,Missouri,North Amy,80278,LOYAL_LIGHT,0.571,AromaDrive,us,AFFILIATE
714,2022-11-22,Nancy,Strickland,jonathan77@example.com,,1,0,0,F,1979,Single,Management,105000,1,0,Partial High School,US,New Hampshire,Lake Thomas,47523,LOYAL_HEAVY,0.11,FreshNest,us,PAID_SOCIAL
715,2022-11-25,Jasmine,Lee,karen26@example.org,(912)287-5857x56766,0,1,0,F,1999,Single,Professional,113000,2,1,High School,US,Illinois,Fowlerland,61219,ONE_SHOT,0.75,FreshNest,us,PAID_SEARCH
716,2022-11-29,Jose,Jones,comptonshelly@example.net,7174157724,1,1,1,M,1980,Married,Clerical,198000,3,0,Partial College,US,Nebraska,South Ashley,20377,DECLINING,0.728,AromaDrive,us,PAID_SOCIAL
717,2022-12-06,Diane,Evans,patriciagonzalez@example.net,,1,0,0,F,1984,Married,Management,56000,0,1,Partial High School,US,Maryland,South James,71072,DECLINING,0.763,FreshNest,us,AFFILIATE
718,2022-12-07,Michelle,Glass,,(867)797-2320x024,0,1,1,M,1990,Married,Professional,114000,1,1,High School,US,Missouri,New Nicolestad,52645,ONE_SHOT,1.0,AromaDrive,us,PAID_SOCIAL
719,2022-12-07,Sandra,Robertson,robinsoncatherine@example.com,+1-829-932-8963x40646,0,1,1,F,1975,Single,Professional,186000,2,0,Bachelors,US,Iowa,Courtneyville,86214,LOYAL_LIGHT,0.425,AromaDrive,us,EMAIL
720,2022-12-10,James,Lewis,,001-488-677-4924,0,1,0,F,1994,Married,Professional,36000,0,1,Bachelors,US,New Jersey,Davidside,67449,DECLINING,0.691,AromaDrive,us,REFERRAL
721,2022-12-17,Jessica,Wagner,,001-372-874-2209x124,0,1,1,M,1973,Married,Self-Employed,30000,0,0,High School,US,California,Solomonfurt,07729,LOYAL_LIGHT,0.512,BreezeLine,us,PAID_SOCIAL
722,2022-12-21,,Gordon,tking@example.net,,1,0,0,F,1986,Married,Professional,131000,4,0,High School,US,North Dakota,South Mitchell,24950,DECLINING,0.965,BreezeLine,us,ORGANIC
723,2022-12-24,Joseph,Martinez,wheelerbrandon@example.org,498-503-8287,1,0,1,F,1988,Divorced,Skilled Manual,117000,4,1,Partial College,US,West Virginia,Samuelborough,90794,DECLINING,0.58,BreezeLine,us,PAID_SOCIAL
724,2022-12-27,Marc,Morales,,933.933.7320x4309,0,1,1,F,2005,Single,Skilled Manual,54000,0,1,Partial College,US,New Jersey,West Peggymouth,44289,LOYAL_HEAVY,0.09,BreezeLine,us,EMAIL
725,2022-12-28,Melissa,Beltran,campbellkristen@example.com,+1-846-261-7662x04719,0,1,1,F,1998,Divorced,Management,58000,1,0,High School,US,North Carolina,East Mikeshire,78550,GROWING,0.538,BreezeLine,us,AFFILIATE
726,2022-12-30,Nicole,Thompson,,335.305.8319x9717,0,1,1,F,1994,Married,Management,87000,4,1,Bachelors,US,Michigan,East Shannonmouth,55324,DECLINING,0.762,FreshNest,us,ORGANIC
727,2022-12-30,Andrew,Conley,egarcia@example.net,,1,0,0,M,1994,Single,Manual,13000,0,0,Graduate Degree,US,Arizona,South Virginia,84820,DECLINING,0.816,FreshNest,us,EMAIL
728,2022-12-31,Steven,Rodriguez,,8629292310,0,1,1,M,1979,Single,Student,49000,0,0,Bachelors,US,Rhode Island,Jacobfurt,19191,CHURN_RISK,0.914,AromaDrive,us,ORGANIC
729,2023-01-04,Amy,Bailey,mikayla56@example.com,+1-749-445-1475x41022,0,1,0,M,1988,Single,Clerical,51000,0,1,Partial College,US,Hawaii,South Jose,27234,LOYAL_LIGHT,0.408,BreezeLine,us,PAID_SOCIAL
730,2023-01-09,Robert,,hessbeth@example.net,813-925-7970,1,1,1,M,1999,Single,Skilled Manual,50000,0,1,High School,US,Wyoming,Brandonstad,74095,GROWING,0.635,AromaDrive,us,PAID_SOCIAL
731,2023-01-10,Gabriel,Hickman,,5344778660,0,1,1,M,1992,Married,Student,41000,3,1,High School,US,Louisiana,Maryfurt,21532,CHURN_RISK,0.798,AromaDrive,us,PAID_SOCIAL
732,2023-01-11,Hannah,Williams,ywhite@example.com,(569)374-1328x348,0,1,1,F,1986,Divorced,Self-Employed,74000,0,1,Graduate Degree,US,Florida,Hillside,00545,GROWING,0.404,AromaDrive,us,PAID_SEARCH
733,2023-01-17,Jesus,Jones,jwhite@example.net,396.712.0878x0572,1,1,0,M,1984,Married,Skilled Manual,40000,1,0,High School,US,Alabama,Lambertburgh,91493,LOYAL_LIGHT,0.31,BreezeLine,us,PAID_SOCIAL
734,2023-01-17,Jessica,Cardenas,melissawhite@example.com,949.668.0491x872,1,1,0,M,1984,Divorced,Clerical,49000,0,1,Graduate Degree,US,Kansas,South Johnfort,09239,LOYAL_HEAVY,0.195,BreezeLine,us,PAID_SOCIAL
735,2023-01-19,Anna,Hayes,dwayne04@example.org,+1-462-341-1186x0089,1,1,1,M,1986,Single,Clerical,106000,4,1,Bachelors,US,Kentucky,East Brianhaven,30491,DECLINING,0.702,BreezeLine,us,PAID_SOCIAL
736,2023-01-20,,Gallegos,joseph69@example.net,722-971-1332x2889,1,1,0,F,2002,Married,Professional,60000,0,0,High School,US,Maryland,West Angela,35468,LOYAL_LIGHT,0.534,AromaDrive,us,PAID_SOCIAL
737,2023-01-22,Lori,Norton,jennifer90@example.org,001-227-328-2709,1,1,1,F,1988,Single,Self-Employed,55000,1,1,High School,US,Oregon,Lake Briannamouth,98755,DECLINING,0.722,BreezeLine,us,PAID_SOCIAL
738,2023-01-25,Melanie,Blankenship,,5515477053,0,1,0,F,1977,Single,Manual,86000,2,1,High School,US,Indiana,Johnsonview,88753,DECLINING,0.571,BreezeLine,us,PAID_SEARCH
739,2023-01-26,Emily,Richard,bakerjohn@example.org,001-896-418-4462x6714,1,1,1,F,2006,Married,Professional,66000,1,1,Bachelors,US,Washington,Deleonland,82790,GROWING,0.452,BreezeLine,us,ORGANIC
740,2023-01-28,Sarah,Jordan,,6817866179,0,1,1,F,1983,Married,Professional,77000,0,1,Bachelors,US,South Carolina,South Roger,58837,CHURN_RISK,0.941,BreezeLine,us,PAID_SOCIAL
741,2023-01-30,Ryan,Parrish,yfaulkner@example.org,5123495528,1,1,1,F,1963,Single,Professional,41000,3,1,Partial College,US,Kentucky,Richardville,21316,LOYAL_HEAVY,0.0,AromaDrive,us,PAID_SOCIAL
742,2023-02-04,David,,jennifersimpson@example.net,,1,0,0,F,1998,Divorced,Manual,46000,1,1,Bachelors,US,Florida,West Markland,69307,CHURN_RISK,0.948,FreshNest,us,REFERRAL
743,2023-02-08,Mariah,Crawford,chelseastrickland@example.net,001-940-697-0527,0,1,1,F,1985,Married,Clerical,36000,0,0,Partial High School,US,Colorado,Lesterville,58756,CHURN_RISK,1.0,AromaDrive,us,ORGANIC
744,2023-02-10,Alyssa,Mendoza,zcollins@example.com,,0,0,0,M,2005,Married,Clerical,35000,1,1,Partial College,US,California,West Christopherview,10658,CHURN_RISK,0.904,AromaDrive,us,AFFILIATE
745,2023-02-13,Shelley,Hendricks,jamesweber@example.com,,1,0,0,F,1992,Divorced,Professional,60000,2,0,Partial High School,US,Idaho,South Anthonyland,37323,LOYAL_LIGHT,0.442,AromaDrive,us,EMAIL
746,2023-02-17,Michele,,,(706)542-0768x362,0,1,1,F,1993,Single,Skilled Manual,68000,2,1,High School,US,Hawaii,South Kennethton,76790,LOYAL_LIGHT,0.444,FreshNest,us,PAID_SOCIAL
747,2023-02-22,Christopher,Patterson,jacob83@example.org,321-917-5361x706,1,1,1,F,1994,Divorced,Professional,60000,1,1,Graduate Degree,US,Illinois,North Kelly,57051,CHURN_RISK,0.959,AromaDrive,us,EMAIL
748,2023-03-02,Adam,Bentley,ismall@example.net,001-896-210-5566x1390,1,1,0,F,2001,Single,Manual,141000,0,0,Graduate Degree,US,Rhode Island,East Jeffrey,75292,DECLINING,0.793,BreezeLine,us,AFFILIATE
749,2023-03-03,Stephanie,Alvarez,noahwhitaker@example.com,001-514-806-6504x42717,1,1,1,F,1982,Married,Manual,52000,3,1,High School,US,Montana,Lake Justin,44889,GROWING,0.508,BreezeLine,us,PAID_SOCIAL
750,2023-03-03,Natasha,Parker,laurahoover@example.org,352.240.1484x399,1,0,1,M,1971,Married,Self-Employed,62000,1,1,High School,US,Mississippi,Kathleenbury,90419,LOYAL_LIGHT,0.443,FreshNest,us,REFERRAL
751,2023-03-07,Linda,,otaylor@example.net,604.725.4969x1928,1,1,1,M,1994,Single,Retired,66000,4,0,Bachelors,US,Pennsylvania,West Kimberly,16054,DECLINING,0.865,FreshNest,us,PAID_SOCIAL
752,2023-03-10,Patricia,Dalton,oconnelltiffany@example.org,001-774-998-2182x7448,1,0,1,F,1975,Married,Professional,21000,0,1,Bachelors,US,Maine,North Jenny,84202,DECLINING,0.881,BreezeLine,us,AFFILIATE
753,2023-03-11,Cynthia,King,mluna@example.net,,1,0,0,M,1996,Married,Skilled Manual,60000,3,1,Bachelors,US,Arizona,West Cherylhaven,77787,ONE_SHOT,0.921,AromaDrive,us,PAID_SOCIAL
754,2023-03-14,Sheila,Morris,,502.456.6212x86716,0,1,0,F,1980,Married,Professional,37000,0,1,High School,US,Missouri,Claytonside,75593,DECLINING,0.614,AromaDrive,us,ORGANIC
755,2023-03-15,Holly,Smith,,235-680-0401,0,1,1,F,1991,Married,Skilled Manual,38000,0,0,High School,US,Alaska,South Ronaldshire,54547,DECLINING,0.839,FreshNest,us,AFFILIATE
756,2023-03-18,Steven,Jones,cynthia05@example.org,,0,0,0,F,1990,Married,Skilled Manual,65000,4,0,High School,US,Connecticut,East Mark,39089,LOYAL_HEAVY,0.111,BreezeLine,us,PAID_SOCIAL
757,2023-03-20,Scott,Watts,moraemma@example.net,(754)438-4807,1,1,1,M,2004,Single,Student,62000,0,1,Partial College,US,Tennessee,Port Joanne,73220,DECLINING,0.851,BreezeLine,us,PAID_SEARCH
758,2023-03-21,Veronica,Garcia,,(620)750-2099,0,1,1,F,1975,Married,Management,84000,0,1,Partial College,US,Indiana,Martinezton,10123,CHURN_RISK,0.904,AromaDrive,us,AFFILIATE
759,2023-03-31,Larry,Hayes,eringuerrero@example.org,475.440.2547,1,1,0,F,2002,Married,Clerical,62000,0,0,Bachelors,US,Colorado,South Elizabethview,47196,ONE_SHOT,0.849,BreezeLine,us,PAID_SOCIAL
760,2023-03-31,Tami,Moss,amoreno@example.org,914.362.4912,0,1,0,F,1972,Married,Skilled Manual,52000,0,0,High School,US,Kentucky,Bridgesbury,63359,ONE_SHOT,0.89,BreezeLine,us,EMAIL
761,2023-04-10,Lindsey,Martinez,malik37@example.com,,1,0,0,M,1967,Single,Professional,80000,1,1,Bachelors,US,Connecticut,Rebeccaport,53408,DECLINING,0.804,FreshNest,us,AFFILIATE
762,2023-04-10,Christopher,Lewis,jessica42@example.org,,1,0,0,M,2005,Married,Student,53000,1,1,Bachelors,US,Tennessee,Williamport,17538,ONE_SHOT,0.873,BreezeLine,us,ORGANIC
763,2023-04-10,Frederick,Conley,,(467)330-3064x421,0,1,1,M,1996,Married,Skilled Manual,63000,1,1,Partial College,US,Arizona,New Jacobton,35275,LOYAL_HEAVY,0.322,BreezeLine,us,EMAIL
764,2023-04-11,Rachel,Vaughn,kristen44@example.net,001-752-559-7107x5633,1,0,0,F,1982,Married,Self-Employed,58000,0,1,Graduate Degree,US,Maine,Hunterville,07400,LOYAL_HEAVY,0.246,BreezeLine,us,PAID_SEARCH
765,2023-04-12,Cynthia,Kirby,,758-786-7925x298,0,1,1,M,1994,Single,Retired,73000,0,1,Partial College,US,Nebraska,Robinsonmouth,36560,GROWING,0.693,BreezeLine,us,EMAIL
766,2023-04-14,Tracy,Norris,,(596)971-1148,0,1,0,M,1967,Single,Management,40000,1,1,Partial High School,US,Michigan,Smithside,13897,GROWING,0.649,FreshNest,us,EMAIL
767,2023-04-15,Danielle,Wilson,,547-843-5031,0,1,1,M,2000,Married,Professional,83000,1,1,Graduate Degree,US,Illinois,Rebeccashire,46181,DECLINING,0.756,BreezeLine,us,EMAIL
768,2023-04-16,Darlene,Huang,derekcarrillo@example.org,+1-868-845-9090x22599,0,1,1,M,1988,Single,Management,35000,4,0,Bachelors,US,Alabama,Port Loriport,45679,ONE_SHOT,0.651,BreezeLine,us,EMAIL
769,2023-04-23,Amy,Conner,,(343)747-1287x1539,0,0,1,F,2005,Married,Skilled Manual,48000,2,0,Partial College,US,New Jersey,Powellville,63195,GROWING,0.48,FreshNest,us,EMAIL
770,2023-04-25,James,Richardson,,+1-287-273-4778x48588,0,1,1,M,1992,Single,Clerical,46000,2,1,Bachelors,US,Iowa,East Jennifer,33268,DECLINING,0.546,AromaDrive,us,REFERRAL
771,2023-04-25,John,,arivera@example.org,5025311775,0,1,0,F,1993,Divorced,Skilled Manual,59000,2,1,Bachelors,US,Minnesota,Port David,68913,DECLINING,0.446,FreshNest,us,PAID_SEARCH
772,2023-04-25,Dominique,Le,,,0,0,0,M,1979,Married,Clerical,70000,1,1,Bachelors,US,South Dakota,Port Raymond,91481,GROWING,0.571,AromaDrive,us,ORGANIC
773,2023-04-28,Matthew,Henson,alexisrogers@example.com,516-586-2278x376,1,0,1,F,1985,Single,Clerical,60000,0,0,High School,US,Connecticut,Lisaville,32770,ONE_SHOT,0.784,AromaDrive,us,EMAIL
774,2023-04-29,Michelle,Johnson,timothybooth@example.com,,1,0,0,M,1982,Married,Professional,90000,0,0,High School,US,Nevada,Chapmanfurt,31317,GROWING,0.502,BreezeLine,us,PAID_SOCIAL
775,2023-04-30,Rebecca,,,265.680.7412,0,1,0,M,2003,Married,Professional,29000,2,0,Bachelors,US,Wisconsin,Moorestad,38592,LOYAL_LIGHT,0.513,FreshNest,us,PAID_SOCIAL
776,2023-05-01,Joseph,Montgomery,caseyelliott@example.net,632-970-1851x0679,1,1,0,M,1996,Single,Skilled Manual,115000,0,0,Partial College,US,Wyoming,Lewisport,33511,ONE_SHOT,0.929,BreezeLine,us,REFERRAL
777,2023-05-03,William,Kim,,(333)410-6005x313,0,1,1,M,2003,Married,Skilled Manual,39000,0,0,Partial High School,US,Colorado,South Allisonview,38909,CHURN_RISK,0.923,AromaDrive,us,PAID_SOCIAL
778,2023-05-04,Ashley,Bartlett,michellecoleman@example.org,,0,0,0,F,1973,Married,Clerical,49000,1,0,Bachelors,US,Missouri,Stephanieshire,57849,DECLINING,0.671,AromaDrive,us,PAID_SEARCH
779,2023-05-05,Sharon,Lynn,hansenemily@example.com,,1,0,0,M,1958,Married,Clerical,19000,0,1,Bachelors,US,New Mexico,South Denniston,20936,ONE_SHOT,0.92,AromaDrive,us,AFFILIATE
780,2023-05-06,,Marks,paul20@example.com,+1-866-691-8362x6448,1,1,0,F,2003,Single,Clerical,125000,3,1,High School,US,Kentucky,Lake Amyport,78168,LOYAL_HEAVY,0.253,AromaDrive,us,EMAIL
781,2023-05-08,Jessica,Norman,jeffreymercer@example.org,+1-289-340-6260x787,1,1,1,F,1996,Single,Skilled Manual,39000,4,0,Graduate Degree,US,Connecticut,Curtisfurt,19957,GROWING,0.592,AromaDrive,us,PAID_SOCIAL
782,2023-05-10,,Jones,pwalker@example.com,439.750.0334x234,1,1,1,M,2003,Married,Skilled Manual,100000,3,0,High School,US,Delaware,Karaton,32233,ONE_SHOT,0.721,FreshNest,us,EMAIL
783,2023-05-11,Natasha,Franklin,,001-634-503-1277x22005,0,1,0,F,1976,Married,Manual,90000,1,1,High School,US,Washington,South Kayla,05668,LOYAL_LIGHT,0.429,BreezeLine,us,ORGANIC
784,2023-05-11,,Duran,kim62@example.net,849-540-9762,1,1,1,F,1989,Single,Management,30000,4,0,Partial College,US,Alaska,West Stevenmouth,91583,DECLINING,0.682,FreshNest,us,ORGANIC
785,2023-05-14,Randall,May,karenparsons@example.org,670-718-4094x35334,1,1,1,F,1995,Single,Manual,60000,0,1,High School,US,North Dakota,Justinton,77259,LOYAL_LIGHT,0.42,BreezeLine,us,PAID_SOCIAL
786,2023-05-14,Alexandra,Daniels,bennettroy@example.net,(948)939-5894,1,1,1,F,2001,Single,Manual,81000,1,0,Graduate Degree,US,Wisconsin,South Samuelfurt,27538,CHURN_RISK,0.908,AromaDrive,us,PAID_SOCIAL
787,2023-05-15,Ronald,Wallace,donna43@example.org,8244376545,0,1,1,F,1978,Married,Clerical,49000,0,1,Graduate Degree,US,Mississippi,New Jenniferstad,03864,GROWING,0.618,FreshNest,us,ORGANIC
788,2023-05-17,Breanna,Peterson,kcarlson@example.com,,0,0,0,F,1996,Single,Manual,67000,0,1,Graduate Degree,US,Colorado,Sandraville,33310,DECLINING,0.628,BreezeLine,us,REFERRAL
789,2023-05-20,Christopher,Ramsey,edelgado@example.com,7863209593,1,1,1,M,1998,Married,Clerical,59000,0,1,Bachelors,US,South Dakota,East Carly,44721,LOYAL_HEAVY,0.251,AromaDrive,us,PAID_SOCIAL
790,2023-05-23,Mitchell,Garcia,gdavis@example.com,4273937145,1,1,1,F,1997,Married,Manual,41000,0,1,Bachelors,US,Washington,Port Stevenstad,23952,ONE_SHOT,0.94,FreshNest,us,ORGANIC
791,2023-05-25,Devon,,jrodriguez@example.org,485-613-2797,0,1,1,M,2000,Married,Professional,79000,1,0,High School,US,West Virginia,West Meghan,92734,ONE_SHOT,0.918,FreshNest,us,PAID_SEARCH
792,2023-05-25,Christine,,,(903)231-9222,0,1,1,M,1980,Married,Retired,40000,0,0,Partial College,US,Iowa,West Claudia,43888,GROWING,0.285,AromaDrive,us,PAID_SOCIAL
793,2023-06-07,Jeremiah,,lopezglenn@example.net,7414644859,1,1,1,F,1983,Single,Manual,69000,1,1,Partial College,US,Utah,Kaylafort,81869,ONE_SHOT,0.918,BreezeLine,us,AFFILIATE
794,2023-06-12,Hunter,Acosta,,,0,0,0,M,1991,Single,Professional,36000,0,1,Partial College,US,Utah,East Williamfort,77889,DECLINING,0.635,BreezeLine,us,REFERRAL
795,2023-06-12,Robin,Harris,steven05@example.org,501.984.9804x25373,1,1,0,F,1977,Single,Skilled Manual,82000,0,0,Bachelors,US,Alaska,Markview,75156,LOYAL_HEAVY,0.156,AromaDrive,us,ORGANIC
796,2023-06-15,Amber,Ramos,,992-337-8584,0,1,1,F,2000,Single,Skilled Manual,92000,1,1,Bachelors,US,New Mexico,Brownview,06403,ONE_SHOT,1.0,AromaDrive,us,ORGANIC
797,2023-06-17,Sarah,Ramos,joseph19@example.com,,1,0,0,M,2001,Single,Professional,59000,3,1,Bachelors,US,North Dakota,Peggytown,59146,LOYAL_HEAVY,0.213,BreezeLine,us,ORGANIC
798,2023-06-20,Sarah,Lewis,mserrano@example.org,454-906-4176,0,1,1,F,1972,Single,Manual,61000,0,1,High School,US,New Mexico,Port Heatherbury,66162,ONE_SHOT,0.885,AromaDrive,us,PAID_SOCIAL
799,2023-06-22,Susan,Bradley,leonardhayes@example.org,,0,0,0,F,1987,Single,Skilled Manual,56000,0,1,Bachelors,US,Oregon,North Williambury,36895,LOYAL_HEAVY,0.32,BreezeLine,us,PAID_SEARCH
800,2023-06-26,Lisa,Hester,morrowthomas@example.net,263-235-1571x840,1,1,0,M,1983,Single,Professional,111000,0,1,Bachelors,US,Oregon,Sharpstad,12882,CHURN_RISK,0.938,AromaDrive,us,ORGANIC
801,2023-06-29,Sierra,,wlynn@example.org,518.305.1371x717,0,0,1,M,1988,Divorced,Management,17000,0,1,High School,US,West Virginia,West Jacobland,06218,ONE_SHOT,0.747,FreshNest,us,AFFILIATE
802,2023-06-30,Kevin,Lin,usweeney@example.com,(248)912-1478x539,0,1,0,M,1981,Single,Skilled Manual,68000,2,1,Partial College,US,Oregon,Port Vincentport,81606,ONE_SHOT,0.819,BreezeLine,us,EMAIL
803,2023-07-02,Rebecca,Young,fosternatasha@example.net,730.221.2606,1,1,1,F,1991,Married,Professional,33000,1,0,Partial College,US,Georgia,Timothyfurt,75371,LOYAL_LIGHT,0.3,FreshNest,us,ORGANIC
804,2023-07-05,Jill,Burton,sanchezthomas@example.com,921-770-7303x37933,1,1,1,M,1973,Divorced,Manual,34000,2,1,High School,US,Nevada,South Conniefort,74081,LOYAL_LIGHT,0.329,FreshNest,us,REFERRAL
805,2023-07-05,Laura,Cox,,319-426-7649x215,0,1,1,M,1996,Married,Skilled Manual,39000,3,0,High School,US,Rhode Island,Port Markton,91175,DECLINING,0.716,BreezeLine,us,EMAIL
806,2023-07-05,Debbie,Berg,huffmannichole@example.net,(820)637-7107x044,0,1,1,F,1975,Single,Professional,36000,1,1,Partial College,US,Ohio,West Amanda,91817,DECLINING,0.63,FreshNest,us,PAID_SOCIAL
807,2023-07-07,Scott,Fox,fconner@example.net,001-874-823-3305x912,0,1,1,M,1991,Single,Management,27000,0,1,Bachelors,US,California,New Deniseburgh,75293,LOYAL_HEAVY,0.241,AromaDrive,us,AFFILIATE
808,2023-07-08,Cynthia,Solis,wayala@example.org,221.654.5447x02296,1,1,1,F,1979,Married,Skilled Manual,45000,0,1,Graduate Degree,US,Mississippi,Avilaberg,95167,LOYAL_LIGHT,0.319,FreshNest,us,ORGANIC
809,2023-07-08,Matthew,Short,daviskatherine@example.org,+1-761-291-2841x1730,1,1,1,F,1997,Married,Professional,118000,0,1,Bachelors,US,Louisiana,Beckton,06154,GROWING,0.672,AromaDrive,us,EMAIL
810,2023-07-15,Sara,Johnson,michaelcooper@example.org,001-608-835-7232,0,1,0,F,1979,Single,Skilled Manual,40000,4,1,Bachelors,US,California,South Kristihaven,77372,DECLINING,0.586,FreshNest,us,ORGANIC
811,2023-07-16,Julie,,nathanielthomas@example.com,280-205-3759,1,1,1,M,2001,Married,Clerical,59000,0,1,High School,US,Nebraska,North Jonathanshire,16266,DECLINING,0.683,BreezeLine,us,PAID_SEARCH
812,2023-07-16,Jason,Gonzalez,collinssamuel@example.org,790-636-1332,1,1,0,M,1993,Married,Professional,40000,0,1,Bachelors,US,Iowa,Danielport,30824,DECLINING,0.647,BreezeLine,us,PAID_SOCIAL
813,2023-07-17,Keith,Paul,,(577)522-3306x0463,0,1,1,M,1982,Married,Skilled Manual,51000,3,1,Bachelors,US,New Hampshire,West Christianview,20034,LOYAL_LIGHT,0.431,AromaDrive,us,PAID_SOCIAL
814,2023-07-25,Tiffany,,xmoran@example.net,,0,0,0,M,1996,Single,Professional,29000,3,0,High School,US,Vermont,Vangbury,50503,GROWING,0.697,FreshNest,us,ORGANIC
815,2023-07-28,Brianna,Simmons,andersonjacob@example.com,+1-356-526-5650x45547,0,1,1,F,1973,Divorced,Skilled Manual,91000,1,1,High School,US,Oklahoma,Lake Jeremyfort,60512,DECLINING,0.747,FreshNest,us,REFERRAL
816,2023-08-13,Heather,Wang,,698.633.4233x720,0,1,0,F,1990,Divorced,Clerical,73000,0,0,Graduate Degree,US,Alabama,North Darrenstad,80509,LOYAL_LIGHT,0.386,BreezeLine,us,EMAIL
817,2023-08-16,Joseph,Buchanan,dturner@example.net,4709160166,1,1,0,F,1966,Married,Clerical,67000,0,1,Graduate Degree,US,Texas,Port Nicholas,94121,GROWING,0.449,FreshNest,us,ORGANIC
818,2023-08-18,,Ho,,991-528-9659x994,0,1,1,F,1992,Single,Manual,76000,4,0,Partial High School,US,Michigan,Port Bobby,94185,LOYAL_HEAVY,0.2,FreshNest,us,PAID_SEARCH
819,2023-08-24,James,,pgarcia@example.org,891-680-1722x601,1,1,1,F,1991,Married,Self-Employed,66000,2,0,Partial College,US,Washington,Leslieborough,03126,DECLINING,0.606,BreezeLine,us,ORGANIC
820,2023-08-30,Bethany,Baird,justin84@example.com,348-473-9610x29087,1,1,1,F,1998,Married,Professional,48000,0,0,Partial College,US,Indiana,South Isaacmouth,49206,DECLINING,0.737,BreezeLine,us,ORGANIC
821,2023-09-14,,Smith,amandasharp@example.org,811.338.6338x39288,0,1,1,M,1969,Married,Professional,65000,2,1,High School,US,Illinois,Williamchester,35326,LOYAL_LIGHT,0.214,BreezeLine,us,EMAIL
822,2023-09-14,Jacqueline,Morris,,(590)781-9740x0564,0,1,1,F,1999,Married,Management,72000,0,0,High School,US,Arizona,Rodriguezchester,65297,GROWING,0.609,FreshNest,us,ORGANIC
823,2023-09-21,Emily,,kristenli@example.org,,1,0,0,M,1991,Divorced,Professional,60000,0,0,Partial High School,US,Ohio,North April,30883,LOYAL_LIGHT,0.298,FreshNest,us,PAID_SOCIAL
824,2023-09-23,Chad,Davis,victor87@example.org,476.489.6270x6614,1,1,1,F,1997,Married,Management,79000,0,0,Bachelors,US,New Jersey,Stephensland,01895,GROWING,0.518,BreezeLine,us,PAID_SOCIAL
825,2023-09-27,Thomas,Jacobs,alexis39@example.org,+1-750-785-0165x790,1,1,1,F,1991,Married,Retired,30000,0,1,High School,US,Alabama,Gregoryborough,90296,GROWING,0.323,AromaDrive,us,ORGANIC
826,2023-09-30,Amy,Taylor,,(997)310-2481,0,1,1,M,1997,Single,Professional,32000,1,1,High School,US,Maine,Robinsonfurt,32893,DECLINING,0.772,FreshNest,us,PAID_SOCIAL
827,2023-10-01,Bridget,Richards,nancy04@example.net,5756224593,1,1,1,M,1970,Single,Self-Employed,37000,0,0,High School,US,Arizona,Lake Gloriaborough,87047,LOYAL_HEAVY,0.26,FreshNest,us,PAID_SEARCH
828,2023-10-08,Eric,Frank,,+1-970-632-0320,0,1,1,F,1980,Divorced,Skilled Manual,26000,0,1,Bachelors,US,Nebraska,Montoyaborough,43852,DECLINING,0.587,FreshNest,us,EMAIL
829,2023-10-09,Matthew,,hahnsean@example.com,7182718637,0,1,1,F,1985,Single,Self-Employed,48000,0,0,Graduate Degree,US,Wyoming,New Dana,77355,LOYAL_LIGHT,0.385,BreezeLine,us,EMAIL
830,2023-10-13,,Bell,fuenteslaura@example.com,,1,0,0,F,1994,Divorced,Professional,44000,0,1,Partial High School,US,Arkansas,South Amy,56825,DECLINING,0.511,AromaDrive,us,EMAIL
831,2023-10-18,Jeremy,,,705.417.2897,0,1,0,M,1980,Divorced,Skilled Manual,52000,0,1,Graduate Degree,US,Colorado,Port Jeremyburgh,81169,LOYAL_LIGHT,0.374,AromaDrive,us,PAID_SEARCH
832,2023-10-19,Barbara,Chavez,,+1-881-625-2056,0,1,1,M,1997,Single,Skilled Manual,84000,0,1,High School,US,Kentucky,Jeremystad,63222,LOYAL_LIGHT,0.459,FreshNest,us,EMAIL
833,2023-10-22,Darrell,,aprilwallace@example.org,501-574-9075,1,1,1,F,1992,Married,Skilled Manual,88000,4,0,Graduate Degree,US,Tennessee,West Connieview,23759,DECLINING,0.763,AromaDrive,us,PAID_SOCIAL
834,2023-11-01,Brent,Bryant,rodney65@example.com,5532844446,1,1,1,M,2000,Married,Professional,71000,2,1,Bachelors,US,New Mexico,North Barbara,11333,GROWING,0.573,BreezeLine,us,PAID_SEARCH
835,2023-11-01,Tyrone,,,(387)929-0477x42585,0,1,1,F,2003,Married,Management,149000,4,1,Partial College,US,Minnesota,West Jasonburgh,86310,LOYAL_LIGHT,0.414,FreshNest,us,ORGANIC
836,2023-11-03,Richard,Bailey,stokesthomas@example.com,001-334-767-9121x41614,1,0,1,M,2005,Married,Professional,32000,4,0,Bachelors,US,New Jersey,Fergusonberg,97614,DECLINING,0.871,FreshNest,us,ORGANIC
837,2023-11-05,Heather,,,9968227284,0,1,0,M,1996,Married,Clerical,34000,0,0,High School,US,Kansas,Reyesside,96125,ONE_SHOT,0.785,BreezeLine,us,REFERRAL
838,2023-11-07,Cynthia,Tucker,rushstacy@example.com,+1-320-687-5102x932,1,1,1,F,1999,Married,Clerical,85000,0,1,High School,US,New Hampshire,Lake Christopherstad,82560,ONE_SHOT,0.82,FreshNest,us,REFERRAL
839,2023-11-11,Mark,Carlson,,,0,0,0,F,1973,Single,Professional,42000,1,0,Graduate Degree,US,Nebraska,East Ericmouth,61653,GROWING,0.629,FreshNest,us,AFFILIATE
840,2023-11-19,Keith,Brown,amandapark@example.net,(254)308-4245x60754,1,1,1,M,1989,Single,Skilled Manual,39000,1,0,High School,US,Nevada,West Andrewton,57235,GROWING,0.446,BreezeLine,us,AFFILIATE
841,2023-11-22,Adam,Galvan,,7562341115,0,1,1,F,1973,Married,Professional,62000,0,0,Bachelors,US,Idaho,New Diana,04337,ONE_SHOT,0.947,BreezeLine,us,ORGANIC
842,2023-11-28,Cassandra,Wilson,edwardsnicole@example.org,,1,0,0,F,1986,Married,Self-Employed,36000,1,0,High School,US,Utah,Lake Ricardo,39187,GROWING,0.525,FreshNest,us,AFFILIATE
843,2023-11-28,David,Harrison,,342.860.8805x017,0,1,1,M,1977,Divorced,Professional,35000,2,1,Graduate Degree,US,Alaska,Shellyberg,18961,LOYAL_LIGHT,0.422,FreshNest,us,PAID_SOCIAL
844,2023-12-02,Danny,Fuller,delacruzbrandy@example.net,,1,0,0,F,1992,Married,Student,51000,2,0,High School,US,South Carolina,Richardsonport,09005,DECLINING,0.85,FreshNest,us,PAID_SOCIAL
845,2023-12-07,Laura,Jackson,,337.492.7490x7280,0,1,1,F,1974,Single,Student,63000,0,0,Bachelors,US,Vermont,Michellefurt,74388,DECLINING,0.718,BreezeLine,us,AFFILIATE
846,2023-12-09,Roger,Brown,tiffanymitchell@example.com,4069157276,0,1,0,M,1987,Single,Skilled Manual,105000,2,0,Partial College,US,Colorado,Jessicamouth,73505,DECLINING,0.891,FreshNest,us,PAID_SOCIAL
847,2023-12-17,Michelle,Thomas,wwillis@example.net,+1-308-994-8706x05664,1,1,1,M,1999,Married,Skilled Manual,32000,0,0,Partial High School,US,California,Denniston,41294,ONE_SHOT,0.852,BreezeLine,us,PAID_SOCIAL
848,2023-12-21,Thomas,Henderson,,3139674926,0,1,1,F,1959,Single,Management,83000,4,0,Bachelors,US,Kansas,New Brittanyview,56856,DECLINING,0.832,BreezeLine,us,REFERRAL
849,2023-12-21,Thomas,David,,001-887-761-1249x125,0,1,1,M,1985,Divorced,Clerical,128000,0,0,High School,US,Louisiana,Jenniferstad,17788,LOYAL_LIGHT,0.276,AromaDrive,us,REFERRAL
850,2023-12-24,,Li,,6669343629,0,1,1,M,1990,Single,Skilled Manual,69000,4,1,Partial High School,US,Alabama,Blackside,68245,LOYAL_LIGHT,0.297,FreshNest,us,AFFILIATE
851,2023-12-25,Aaron,Ortiz,zunderwood@example.com,250-599-7683,0,1,1,F,2002,Single,Clerical,32000,0,1,High School,US,Minnesota,Powersberg,03051,LOYAL_LIGHT,0.442,BreezeLine,us,REFERRAL
852,2023-12-27,Martha,Mason,flynnraymond@example.com,(313)452-4787,0,1,1,F,1981,Single,Skilled Manual,65000,0,0,High School,US,Kansas,New Brandonview,50032,LOYAL_HEAVY,0.061,AromaDrive,us,ORGANIC
853,2023-12-27,Jeffrey,,akim@example.org,(356)360-9314,1,1,0,F,1993,Single,Management,81000,0,0,Partial College,US,Nevada,Port Cindy,66797,LOYAL_LIGHT,0.439,AromaDrive,us,REFERRAL
854,2023-12-28,John,Edwards,millermatthew@example.com,311.822.1823x1555,1,1,0,F,1992,Married,Professional,39000,0,0,High School,US,Florida,South Steven,76169,LOYAL_LIGHT,0.445,BreezeLine,us,PAID_SOCIAL
855,2023-12-31,Daniel,Cook,derrickgonzalez@example.com,,1,0,0,M,2001,Married,Management,81000,2,1,Bachelors,US,New Jersey,East Maryview,57410,DECLINING,0.671,FreshNest,us,PAID_SEARCH
856,2023-12-31,Roberta,Johnson,,775-883-3920x5677,0,1,0,M,1994,Single,Clerical,52000,1,1,High School,US,Alaska,West Justin,70688,ONE_SHOT,0.838,BreezeLine,us,AFFILIATE
857,2024-01-03,Jacqueline,Shelton,hunterandrea@example.com,+1-503-210-2879x508,0,1,0,F,1976,Single,Professional,27000,1,0,Bachelors,US,New Mexico,Moralesland,99539,DECLINING,0.627,FreshNest,us,PAID_SEARCH
858,2024-01-05,Leslie,Lopez,,+1-455-969-9023x55770,0,1,1,M,1996,Married,Professional,69000,2,0,Partial High School,US,New Jersey,West Nathanielstad,51167,GROWING,0.599,BreezeLine,us,EMAIL
859,2024-01-05,John,Cisneros,csolis@example.org,,1,0,0,M,1975,Divorced,Professional,16000,0,0,High School,US,Ohio,Lake Jonathan,75636,GROWING,0.427,FreshNest,us,PAID_SOCIAL
860,2024-01-05,Sabrina,Hopkins,robertbrewer@example.net,001-645-247-5749x49022,0,1,0,F,1988,Married,Student,32000,1,1,High School,US,Florida,West Ryanhaven,00879,LOYAL_LIGHT,0.437,FreshNest,us,PAID_SOCIAL
861,2024-01-14,Travis,Elliott,,(572)587-2760x1534,0,0,1,M,1978,Single,Professional,32000,4,1,High School,US,Louisiana,South Georgeberg,62105,DECLINING,0.814,FreshNest,us,ORGANIC
862,2024-01-18,Shawn,,mphillips@example.com,(692)412-4471x7465,1,1,1,M,2002,Single,Management,136000,1,1,High School,US,Connecticut,Erichaven,65567,GROWING,0.713,AromaDrive,us,REFERRAL
863,2024-01-18,Carrie,Thornton,xmalone@example.org,452.942.1495x511,0,1,1,M,1986,Single,Skilled Manual,45000,0,1,Bachelors,US,Oregon,New Marvinview,65790,LOYAL_HEAVY,0.062,BreezeLine,us,EMAIL
864,2024-01-22,Joshua,Sanchez,,001-707-805-6260,0,1,1,M,1975,Single,Retired,46000,2,1,Graduate Degree,US,Oregon,Michellehaven,70015,CHURN_RISK,0.989,AromaDrive,us,EMAIL
865,2024-01-24,Jeffrey,,,,0,0,0,M,1988,Married,Professional,66000,0,0,Partial College,US,Delaware,North Kevinborough,77374,ONE_SHOT,0.777,FreshNest,us,PAID_SEARCH
866,2024-01-26,Joshua,,briangutierrez@example.net,,0,0,0,M,1996,Married,Professional,29000,0,1,High School,US,Texas,Ramirezchester,86892,LOYAL_HEAVY,0.212,AromaDrive,us,AFFILIATE
867,2024-01-28,Andrea,Luna,campbellnancy@example.com,,1,0,0,M,1993,Single,Skilled Manual,103000,0,1,Graduate Degree,US,Minnesota,Combston,32519,LOYAL_LIGHT,0.348,AromaDrive,us,EMAIL
868,2024-02-04,,Webster,gary24@example.net,810-580-4661,0,1,1,F,1987,Married,Professional,80000,0,0,Bachelors,US,Wyoming,Port Michaeltown,44736,DECLINING,0.549,FreshNest,us,ORGANIC
869,2024-02-13,Margaret,Humphrey,,+1-832-473-0346x1562,0,1,1,M,1998,Married,Skilled Manual,21000,0,1,Partial College,US,Pennsylvania,Lake Sherry,67391,ONE_SHOT,0.939,FreshNest,us,PAID_SOCIAL
870,2024-02-24,Katherine,Bell,dalepruitt@example.com,001-353-274-5843x845,0,1,0,F,1985,Single,Professional,31000,0,1,Graduate Degree,US,Pennsylvania,Thomasstad,32372,GROWING,0.508,FreshNest,us,EMAIL
871,2024-02-25,Janet,Wilson,martintamara@example.org,001-372-452-1452x647,1,1,1,F,1988,Single,Professional,109000,4,0,Bachelors,US,North Dakota,North Michael,16818,DECLINING,0.64,AromaDrive,us,EMAIL
872,2024-03-01,,Glenn,lawrencegary@example.com,,1,0,0,M,1980,Married,Self-Employed,32000,2,1,Partial College,US,Arkansas,South Justin,64073,LOYAL_HEAVY,0.335,BreezeLine,us,ORGANIC
873,2024-03-04,Christine,Nelson,jeffrey42@example.com,001-896-316-5926,1,1,0,M,1987,Single,Skilled Manual,18000,1,0,Bachelors,US,Nebraska,Lake Megan,14725,CHURN_RISK,1.0,FreshNest,us,REFERRAL
874,2024-03-05,Emma,Williamson,fortiz@example.com,(701)277-7490,0,1,1,F,1988,Married,Student,44000,0,0,Graduate Degree,US,Illinois,Lake Harryborough,17884,ONE_SHOT,0.776,FreshNest,us,PAID_SEARCH
875,2024-04-01,Mary,Moore,,909-377-5396x73794,0,1,1,F,1998,Married,Self-Employed,153000,0,0,Bachelors,US,Utah,West Jeanetteshire,48493,CHURN_RISK,1.0,BreezeLine,us,REFERRAL
876,2024-04-03,Catherine,Flores,ogreer@example.net,952-705-9960x4387,0,1,1,M,1979,Single,Professional,45000,0,0,High School,US,Michigan,Justinmouth,97463,DECLINING,0.586,AromaDrive,us,ORGANIC
877,2024-04-04,Matthew,Walker,sferguson@example.com,,1,0,0,F,1990,Single,Skilled Manual,13000,2,0,Bachelors,US,Alabama,Deborahfort,15523,GROWING,0.598,BreezeLine,us,PAID_SOCIAL
878,2024-04-04,Ashley,,,417-368-0866x28137,0,1,1,M,1998,Married,Skilled Manual,101000,0,0,Bachelors,US,Nebraska,Rossmouth,25181,CHURN_RISK,0.835,BreezeLine,us,PAID_SOCIAL
879,2024-04-06,Eric,,sreid@example.com,001-289-310-7711x991,0,0,1,M,2002,Married,Professional,28000,0,1,Bachelors,US,New Jersey,Williamschester,03941,LOYAL_LIGHT,0.44,FreshNest,us,ORGANIC
880,2024-04-14,Heather,Johnson,waustin@example.net,9343476504,1,1,1,F,2007,Married,Skilled Manual,56000,1,0,Partial College,US,Connecticut,Josephberg,89522,GROWING,0.593,AromaDrive,us,PAID_SOCIAL
881,2024-04-22,Jacob,Hudson,jose86@example.net,(688)893-6289x69645,1,0,1,M,1991,Single,Professional,75000,3,0,Bachelors,US,Idaho,Morrisshire,11999,CHURN_RISK,0.903,BreezeLine,us,ORGANIC
882,2024-04-26,Ricky,Aguilar,,001-223-472-8179x323,0,1,1,F,1982,Married,Manual,81000,2,1,Partial College,US,Kansas,South Joshuaton,59711,GROWING,0.538,BreezeLine,us,PAID_SEARCH
883,2024-05-01,Andrea,Owens,mary49@example.net,369.411.2898,1,1,1,M,1996,Divorced,Clerical,39000,0,0,Bachelors,US,Georgia,Davistown,43562,LOYAL_LIGHT,0.418,FreshNest,us,EMAIL
884,2024-05-04,Norman,Patel,bmosley@example.com,(566)577-7675x5562,0,1,0,F,1989,Married,Professional,101000,0,1,High School,US,Alaska,North Sherry,35060,GROWING,0.583,BreezeLine,us,AFFILIATE
885,2024-05-19,Troy,Wise,reynoldsdesiree@example.net,,1,0,0,M,1973,Divorced,Professional,45000,0,0,High School,US,Florida,Lake John,90092,DECLINING,0.67,AromaDrive,us,REFERRAL
886,2024-05-30,,Johnson,kpena@example.net,(877)711-9642x1522,0,1,1,M,1991,Married,Manual,84000,0,1,Partial College,US,Hawaii,Cooperside,62322,ONE_SHOT,1.0,FreshNest,us,EMAIL
887,2024-05-31,Kathleen,Jones,,,0,0,0,F,1979,Single,Management,34000,3,1,High School,US,South Carolina,Jensenside,33134,DECLINING,0.662,BreezeLine,us,AFFILIATE
888,2024-06-05,Benjamin,Hicks,dianacantrell@example.org,487-796-4740x80314,1,1,0,M,1989,Single,Skilled Manual,34000,0,0,Bachelors,US,New Mexico,New Regina,23094,DECLINING,0.536,BreezeLine,us,PAID_SOCIAL
889,2024-06-07,,Ingram,jessicastanley@example.net,8793863210,0,0,1,M,1983,Divorced,Professional,57000,2,1,Bachelors,US,Vermont,New Kevinshire,16677,DECLINING,0.626,FreshNest,us,AFFILIATE
890,2024-06-16,Kenneth,Khan,princekimberly@example.net,+1-819-219-1135x996,1,1,1,M,1990,Married,Clerical,82000,0,0,Partial College,US,Michigan,Ellisburgh,43504,ONE_SHOT,0.645,BreezeLine,us,REFERRAL
891,2024-06-18,Michael,Gonzales,jvaldez@example.com,541.372.1562x294,1,1,0,M,1991,Married,Professional,97000,2,0,Bachelors,US,New Hampshire,Jasonstad,34059,DECLINING,0.793,FreshNest,us,ORGANIC
892,2024-06-22,Selena,Willis,,(584)457-6521,0,1,1,F,1992,Married,Management,26000,1,1,High School,US,Wyoming,West Danielview,44250,DECLINING,0.566,FreshNest,us,EMAIL
893,2024-06-26,Jason,Hawkins,todd15@example.com,001-419-228-5544x51895,0,1,1,M,1986,Single,Manual,124000,1,0,Bachelors,US,Nebraska,Parkerport,03480,ONE_SHOT,0.844,AromaDrive,us,PAID_SOCIAL
894,2024-07-04,Helen,Johnson,francisco74@example.net,,1,0,0,M,1974,Single,Skilled Manual,27000,0,1,Graduate Degree,US,Hawaii,New Christina,12451,GROWING,0.73,BreezeLine,us,PAID_SEARCH
895,2024-07-05,Ashley,,stephentaylor@example.org,233.989.8881x67112,1,1,1,M,1998,Single,Management,38000,2,1,Graduate Degree,US,Oregon,Pamelaburgh,28328,LOYAL_HEAVY,0.095,AromaDrive,us,ORGANIC
896,2024-07-17,Ronald,Walsh,smithsarah@example.net,,1,0,0,M,1995,Married,Self-Employed,101000,0,0,Partial College,US,Georgia,Karenfort,34865,ONE_SHOT,0.88,AromaDrive,us,ORGANIC
897,2024-07-19,Michael,Salas,ann45@example.org,359-678-2457x59833,0,1,1,M,1992,Single,Professional,32000,0,1,High School,US,Iowa,Robinsonmouth,14165,CHURN_RISK,1.0,AromaDrive,us,ORGANIC
898,2024-07-20,Andrea,Garcia,thickman@example.org,(381)983-2538,1,1,0,F,1981,Married,Clerical,74000,2,0,Partial High School,US,New Mexico,Millerbury,03212,GROWING,0.503,BreezeLine,us,ORGANIC
899,2024-07-24,Erica,Larson,robin05@example.net,(779)978-6305x050,0,1,1,M,1975,Single,Clerical,88000,0,0,Graduate Degree,US,Ohio,Delacruzbury,32355,LOYAL_LIGHT,0.446,AromaDrive,us,AFFILIATE
900,2024-07-24,Richard,Martinez,icraig@example.com,+1-231-299-5298,0,1,1,M,1999,Married,Skilled Manual,56000,0,0,Bachelors,US,Montana,North Thomashaven,63572,GROWING,0.56,AromaDrive,us,REFERRAL
901,2024-07-26,Eric,Flores,hoopermario@example.net,860-573-6077,0,1,1,M,1989,Single,Management,170000,4,1,Partial College,US,Connecticut,East Coryland,61147,DECLINING,0.745,AromaDrive,us,EMAIL
902,2024-08-01,Amanda,Pearson,qparker@example.org,264-733-4817,1,1,1,F,1991,Married,Professional,26000,1,0,High School,US,Nevada,Amyberg,87128,GROWING,0.422,FreshNest,us,ORGANIC
903,2024-08-19,Rebecca,Wells,,280-629-0904x63766,0,1,1,F,1983,Single,Skilled Manual,53000,3,0,Graduate Degree,US,West Virginia,New Jessicaville,82129,GROWING,0.595,FreshNest,us,PAID_SEARCH
904,2024-08-24,Amanda,Morris,,+1-841-902-7674x7836,0,1,1,F,1984,Married,Retired,54000,3,1,High School,US,Maine,Thompsonberg,48573,DECLINING,0.663,FreshNest,us,AFFILIATE
905,2024-08-24,Jennifer,Smith,,(328)527-7288,0,1,1,M,1984,Married,Professional,41000,2,0,Graduate Degree,US,Texas,New Ashley,87923,LOYAL_HEAVY,0.173,AromaDrive,us,ORGANIC
906,2024-08-24,Kevin,Little,,,0,0,0,F,1994,Single,Student,60000,0,0,Graduate Degree,US,Iowa,North Paul,43099,LOYAL_LIGHT,0.466,BreezeLine,us,REFERRAL
907,2024-08-28,Maria,Mullins,ryan25@example.com,,1,0,0,F,1994,Single,Professional,118000,2,1,Bachelors,US,Montana,Deborahfort,79944,CHURN_RISK,0.984,AromaDrive,us,EMAIL
908,2024-09-01,Julie,Becker,craigromero@example.com,8718511696,0,0,1,F,1997,Single,Professional,33000,3,1,High School,US,Connecticut,East Jaimeburgh,85309,LOYAL_HEAVY,0.18,FreshNest,us,ORGANIC
909,2024-09-19,Debra,,vsullivan@example.org,(534)961-9942,1,1,1,M,1987,Single,Professional,46000,2,0,High School,US,Oregon,West Michelle,87653,LOYAL_LIGHT,0.302,FreshNest,us,ORGANIC
910,2024-09-28,Patrick,King,,001-384-968-9500x975,0,1,1,M,1994,Single,Management,81000,0,1,Bachelors,US,South Carolina,Christopherburgh,63569,DECLINING,0.498,FreshNest,us,AFFILIATE
911,2024-10-01,Brian,,,825-956-3830x0081,0,1,1,M,1989,Single,Professional,95000,0,1,Partial College,US,Virginia,Port Joshuaberg,54050,LOYAL_HEAVY,0.204,AromaDrive,us,PAID_SEARCH
912,2024-10-04,Larry,Payne,,,0,0,0,F,1989,Single,Skilled Manual,65000,1,0,High School,US,Oklahoma,North Jaredchester,30628,GROWING,0.697,FreshNest,us,PAID_SOCIAL
913,2024-10-10,,,,001-552-856-9040,0,1,1,F,1989,Single,Manual,89000,1,1,High School,US,Mississippi,Port Laura,00796,LOYAL_HEAVY,0.076,AromaDrive,us,ORGANIC
914,2024-10-22,Amy,Gallagher,jacob09@example.net,+1-813-411-9642x585,1,1,1,M,1960,Married,Professional,130000,0,1,Bachelors,US,Oklahoma,Lake Kathrynside,54765,CHURN_RISK,0.951,BreezeLine,us,REFERRAL
915,2024-11-08,Terri,Wright,daniel60@example.net,4709534967,1,1,1,M,1997,Married,Skilled Manual,65000,0,0,Partial High School,US,Maryland,Bakertown,41755,GROWING,0.624,FreshNest,us,PAID_SEARCH
916,2024-11-13,Debra,Morgan,,452-638-0552x578,0,1,1,F,1984,Single,Retired,32000,0,1,Bachelors,US,California,New Lindaland,21772,LOYAL_HEAVY,0.135,FreshNest,us,PAID_SOCIAL
917,2024-11-15,David,Luna,joshuacollins@example.net,,1,0,0,M,1983,Single,Management,168000,3,0,Partial High School,US,Oklahoma,West Kimberlyville,17266,DECLINING,0.846,FreshNest,us,REFERRAL
918,2024-11-18,Jennifer,,justin80@example.net,,1,0,0,M,1998,Single,Management,87000,4,0,Graduate Degree,US,New York,Lake Christopher,87823,LOYAL_HEAVY,0.228,AromaDrive,us,EMAIL
919,2024-11-22,Courtney,Welch,,001-832-751-2257x207,0,1,0,F,1988,Married,Professional,56000,2,1,Bachelors,US,New York,Taraview,39853,GROWING,0.431,FreshNest,us,EMAIL
920,2024-11-29,Jennifer,Escobar,,001-324-397-2439x920,0,1,0,M,1997,Single,Manual,42000,4,1,Graduate Degree,US,Indiana,Nicholasborough,59154,DECLINING,0.774,AromaDrive,us,PAID_SOCIAL
921,2024-12-01,Mary,Pierce,amandataylor@example.com,+1-811-763-3194x226,0,1,1,M,1993,Married,Skilled Manual,77000,1,0,High School,US,Colorado,South Alexis,73022,ONE_SHOT,0.933,AromaDrive,us,PAID_SEARCH
922,2024-12-01,Michael,Johnson,,,0,0,0,F,1980,Single,Professional,68000,0,0,High School,US,Alabama,Paigeview,08157,GROWING,0.579,BreezeLine,us,PAID_SOCIAL
923,2024-12-14,Julie,Roberts,bookerandrew@example.org,001-811-222-2990x775,1,1,1,M,1962,Single,Skilled Manual,54000,2,1,Bachelors,US,Maryland,Jermaineside,16495,LOYAL_HEAVY,0.098,BreezeLine,us,PAID_SOCIAL
924,2024-12-16,Karen,Greene,stephanie81@example.org,972.436.8314,0,1,1,F,1989,Single,Management,76000,0,1,Bachelors,US,Florida,West Joseside,23872,GROWING,0.38,FreshNest,us,ORGANIC
925,2024-12-17,Robert,,rjohnson@example.com,976-576-9523x66878,0,1,1,F,1988,Married,Self-Employed,45000,2,1,High School,US,Texas,Stoneland,60273,ONE_SHOT,0.904,BreezeLine,us,EMAIL
926,2025-01-04,Jonathan,Fitzpatrick,qwhite@example.com,819.223.6534x60605,1,1,1,F,1987,Single,Professional,33000,3,1,Partial High School,US,Minnesota,Shannonfort,24731,LOYAL_HEAVY,0.151,BreezeLine,us,PAID_SOCIAL
927,2025-01-11,Nicole,Gardner,christianelizabeth@example.org,544.665.1241,0,1,1,F,1996,Single,Retired,129000,0,0,Graduate Degree,US,Kentucky,Jeromeville,12092,LOYAL_HEAVY,0.241,FreshNest,us,AFFILIATE
928,2025-01-12,Rodney,Smith,,,0,0,0,M,2005,Single,Manual,63000,1,1,Partial College,US,Washington,North Jessica,56186,ONE_SHOT,0.866,AromaDrive,us,AFFILIATE
929,2025-01-12,Angela,Mckinney,lisa62@example.com,912.366.1106x273,1,1,1,M,1985,Single,Professional,60000,1,0,High School,US,North Dakota,Robbinsborough,85401,GROWING,0.631,BreezeLine,us,ORGANIC
930,2025-01-14,Kimberly,Parks,,717-899-3136,0,1,0,M,1985,Single,Professional,75000,1,1,Partial College,US,Georgia,Hutchinsonmouth,06009,ONE_SHOT,0.688,FreshNest,us,PAID_SEARCH
931,2025-01-26,William,Diaz,,+1-305-586-5094x8014,0,0,1,M,2002,Married,Student,41000,0,0,Bachelors,US,Alabama,Lifurt,09223,GROWING,0.563,AromaDrive,us,PAID_SOCIAL
932,2025-01-31,Tonya,Williams,,758-997-1480x2632,0,1,1,M,1997,Married,Professional,44000,0,1,High School,US,Rhode Island,Jamesborough,53267,ONE_SHOT,0.986,AromaDrive,us,PAID_SOCIAL
933,2025-02-01,Richard,,sarahyang@example.net,,1,0,0,F,1999,Single,Skilled Manual,55000,2,1,Bachelors,US,Mississippi,North Joseph,68924,GROWING,0.534,BreezeLine,us,EMAIL
934,2025-02-02,Gene,White,elizabetholsen@example.com,(306)488-8718x9813,1,1,1,F,1982,Married,Manual,177000,4,1,Bachelors,US,Nevada,Lake Meagan,94766,ONE_SHOT,0.854,BreezeLine,us,ORGANIC
935,2025-02-22,,Reed,nicholsdarlene@example.net,,0,0,0,F,1988,Married,Management,28000,1,1,Bachelors,US,Alabama,Mooremouth,69701,LOYAL_LIGHT,0.395,AromaDrive,us,PAID_SOCIAL
936,2025-02-28,Andrew,Gilbert,christopher38@example.com,511.715.0835,1,0,1,M,1990,Married,Professional,34000,0,1,Partial High School,US,Nebraska,Elliottton,82056,CHURN_RISK,1.0,BreezeLine,us,AFFILIATE
937,2025-03-14,Amy,Lewis,lawrenceallen@example.org,(697)310-7256x366,1,1,1,F,1985,Single,Skilled Manual,38000,0,0,High School,US,Indiana,East Joann,49112,DECLINING,0.986,BreezeLine,us,AFFILIATE
938,2025-04-02,Stephen,Obrien,,294-911-6318x7328,0,1,1,F,1989,Married,Skilled Manual,178000,0,1,Partial College,US,Oregon,North Robertstad,79464,LOYAL_HEAVY,0.187,AromaDrive,us,ORGANIC
939,2025-04-07,Lisa,Reid,jonathangarcia@example.net,,1,0,0,M,2004,Married,Manual,32000,4,1,Graduate Degree,US,Connecticut,Jonesborough,23505,GROWING,0.621,AromaDrive,us,AFFILIATE
940,2025-04-08,Rebecca,Decker,,+1-373-600-2447,0,1,0,M,1996,Divorced,Clerical,85000,3,0,Graduate Degree,US,South Dakota,Davidton,42059,DECLINING,0.731,BreezeLine,us,ORGANIC
941,2025-04-09,Joseph,,cranemelissa@example.net,838-207-0176x563,0,1,0,M,1997,Single,Manual,82000,1,0,Partial College,US,South Dakota,Melissaview,05817,GROWING,0.723,AromaDrive,us,PAID_SOCIAL
942,2025-04-09,Catherine,Wright,,508.516.4709x006,0,1,1,F,2004,Married,Professional,55000,2,0,Bachelors,US,Alaska,North Elizabethmouth,06781,LOYAL_LIGHT,0.539,BreezeLine,us,REFERRAL
943,2025-04-14,Stuart,Griffith,brittanygardner@example.net,787.859.2712,0,1,1,F,1986,Married,Retired,33000,0,0,High School,US,Indiana,Lake Lisafort,96019,DECLINING,0.549,BreezeLine,us,PAID_SOCIAL
944,2025-04-23,Natalie,Schultz,,(723)497-2652x73543,0,1,1,M,1975,Married,Management,57000,2,1,Graduate Degree,US,Iowa,West Mary,59387,LOYAL_HEAVY,0.071,BreezeLine,us,ORGANIC
945,2025-05-12,Tiffany,Gomez,lgutierrez@example.org,694.953.5461,0,1,1,M,2004,Divorced,Skilled Manual,58000,0,0,Bachelors,US,Delaware,Stevenborough,56261,LOYAL_HEAVY,0.196,AromaDrive,us,REFERRAL
946,2025-05-17,Elizabeth,Conley,wellsdarrell@example.com,(560)343-2609,1,1,1,F,1986,Single,Retired,60000,4,0,Partial High School,US,Illinois,Rodriguezmouth,14554,LOYAL_LIGHT,0.159,FreshNest,us,REFERRAL
947,2025-05-25,Eric,Hampton,lisawoods@example.net,997.905.8162x9518,1,1,1,F,1974,Single,Professional,84000,0,0,Partial High School,US,Maryland,South Lisa,42016,ONE_SHOT,0.941,AromaDrive,us,AFFILIATE
948,2025-07-06,Leah,,,+1-432-830-2410,0,1,1,M,1994,Single,Professional,21000,0,0,High School,US,New Mexico,West Kenneth,87940,DECLINING,0.839,AromaDrive,us,PAID_SOCIAL
949,2025-07-06,Brent,Cole,briansmith@example.org,+1-341-267-8725x68621,1,1,1,M,1996,Divorced,Student,34000,0,0,Bachelors,US,Utah,Courtneyville,67650,CHURN_RISK,0.754,FreshNest,us,PAID_SOCIAL
950,2025-08-03,Earl,,imiller@example.net,+1-215-569-5620x17537,1,1,1,F,1988,Single,Skilled Manual,103000,0,1,Partial High School,US,Alaska,North Rhondaborough,04354,DECLINING,0.723,FreshNest,us,PAID_SOCIAL
951,2025-08-27,Jonathan,Watson,,(937)331-4950x1364,0,1,1,F,1985,Single,Manual,30000,0,0,High School,US,Montana,Alexanderport,21775,ONE_SHOT,0.835,FreshNest,us,PAID_SEARCH
952,2025-09-08,Rebecca,Grant,anthonyalvarado@example.com,+1-814-947-3404x33700,0,1,0,M,1968,Married,Clerical,71000,2,0,Partial College,US,North Dakota,Perezborough,79588,LOYAL_HEAVY,0.282,AromaDrive,us,ORGANIC
953,2025-09-15,Jeffrey,Brooks,carlsonkristen@example.com,985.419.6106x4628,0,1,1,F,1997,Single,Retired,52000,4,0,Graduate Degree,US,Minnesota,South Jacobshire,02745,ONE_SHOT,0.879,FreshNest,us,ORGANIC
954,2025-09-16,Kelly,Parsons,wwhite@example.net,,0,0,0,F,1969,Married,Management,52000,3,1,High School,US,Kansas,New Matthew,18061,CHURN_RISK,0.932,FreshNest,us,PAID_SEARCH
955,2025-09-18,Lauren,Dudley,staylor@example.net,+1-658-482-5562x96575,1,1,1,M,1987,Single,Clerical,46000,3,1,Partial High School,US,Florida,Port Michael,30206,DECLINING,0.707,BreezeLine,us,AFFILIATE
956,2025-10-07,Debra,,nancy94@example.net,3902691309,1,1,1,F,1979,Married,Manual,84000,1,0,Partial College,US,South Carolina,Leachville,70921,LOYAL_LIGHT,0.597,FreshNest,us,REFERRAL
957,2025-10-12,Jason,Harris,steven20@example.org,280-294-0476x044,1,1,1,M,1999,Married,Skilled Manual,120000,1,1,Partial College,US,Ohio,Joseton,28060,ONE_SHOT,0.916,FreshNest,us,PAID_SOCIAL
958,2025-10-15,Kristen,Morgan,jacobsandoval@example.com,634-332-7560,1,1,0,F,1990,Married,Clerical,88000,2,0,High School,US,Vermont,North Mark,73098,CHURN_RISK,0.693,FreshNest,us,EMAIL
959,2025-11-18,Erin,,joshuacolon@example.net,955-297-3714,0,1,1,M,1974,Single,Manual,43000,1,1,High School,US,Utah,East Anthony,99165,GROWING,0.628,AromaDrive,us,AFFILIATE
960,2025-11-19,Andrew,Jones,,(560)983-3181x958,0,1,1,F,1988,Married,Clerical,145000,0,0,Bachelors,US,West Virginia,West Erin,98025,GROWING,0.423,AromaDrive,us,REFERRAL
961,2025-11-23,Angel,Lin,,677.895.9959,0,1,1,M,1980,Married,Professional,142000,1,0,High School,US,Nevada,Hicksburgh,75479,LOYAL_LIGHT,0.286,FreshNest,us,AFFILIATE
962,2025-11-28,Brett,Mitchell,,515-862-7796x30448,0,1,0,M,1975,Married,Skilled Manual,74000,0,1,Partial High School,US,Wisconsin,Collinsberg,41920,ONE_SHOT,0.896,BreezeLine,us,PAID_SOCIAL
963,2025-11-29,Wendy,Whitney,victorgonzalez@example.net,+1-459-477-5244x182,1,1,1,M,1999,Married,Skilled Manual,107000,1,1,Partial High School,US,Illinois,South Tammyfurt,90266,GROWING,0.662,BreezeLine,us,PAID_SOCIAL
964,2025-12-05,Charles,Spencer,abigailhartman@example.org,001-282-641-2704x93862,0,0,1,M,1989,Divorced,Professional,25000,2,0,Bachelors,US,North Carolina,East Amandahaven,87148,GROWING,0.544,BreezeLine,us,EMAIL
965,2025-12-28,Edgar,Boone,zperez@example.com,355-898-3541,1,1,1,F,1979,Single,Clerical,87000,0,1,High School,US,South Dakota,Isaiahton,24981,LOYAL_LIGHT,0.292,AromaDrive,us,REFERRAL
966,2025-12-31,Erica,,,001-724-707-7848x7392,0,1,0,F,1989,Married,Manual,60000,3,1,Partial College,US,Pennsylvania,Jamesmouth,68673,LOYAL_LIGHT,0.528,AromaDrive,us,EMAIL
967,2025-12-31,,Hall,znelson@example.org,264.862.2517,0,1,1,F,2002,Divorced,Professional,47000,0,1,Bachelors,US,Hawaii,New Breannabury,50737,LOYAL_HEAVY,0.207,FreshNest,us,PAID_SOCIAL
968,2025-12-31,Cassandra,Turner,stephanie49@example.net,+1-284-687-9206,0,1,1,M,1985,Married,Skilled Manual,82000,0,0,Partial College,US,Michigan,Kimhaven,42716,ONE_SHOT,0.845,FreshNest,us,EMAIL
969,2025-12-31,Bryan,Anderson,brettbennett@example.net,,1,0,0,F,1988,Married,Skilled Manual,55000,1,1,Bachelors,US,Oregon,Newtonchester,43913,LOYAL_LIGHT,0.417,FreshNest,us,EMAIL
970,2025-12-31,Tasha,,,(444)220-9494x079,0,1,1,M,1983,Married,Retired,78000,2,1,Partial High School,US,New York,Davidbury,64970,DECLINING,0.742,BreezeLine,us,PAID_SOCIAL
971,2025-12-31,Elizabeth,Cain,bryanhamilton@example.com,,1,0,0,M,1995,Married,Professional,48000,0,1,High School,US,Mississippi,Zavalahaven,10346,CHURN_RISK,0.931,AromaDrive,us,ORGANIC
972,2025-12-31,Shane,,,,0,0,0,M,1987,Married,Management,52000,1,0,Bachelors,US,Florida,Lake Charlesfurt,29092,ONE_SHOT,0.764,AromaDrive,us,REFERRAL
973,2025-12-31,Tanya,Reese,michael79@example.org,001-886-477-1333x447,0,1,1,M,2000,Single,Professional,63000,2,1,High School,US,West Virginia,East Stuartside,10017,LOYAL_LIGHT,0.38,AromaDrive,us,EMAIL
974,2025-12-31,James,Nguyen,,670.228.5196x115,0,1,1,F,1988,Divorced,Skilled Manual,39000,1,0,High School,US,Alaska,Rickeyburgh,32314,GROWING,0.477,AromaDrive,us,PAID_SOCIAL
975,2025-12-31,Paul,Moore,osbornjames@example.net,,1,0,0,M,1990,Married,Skilled Manual,32000,3,1,Partial High School,US,Arkansas,Mayberg,96180,DECLINING,0.709,AromaDrive,us,AFFILIATE
976,2025-12-31,Kyle,Cook,,716-486-4622,0,1,1,M,1989,Single,Skilled Manual,96000,0,1,Graduate Degree,US,North Carolina,Port Randall,06137,LOYAL_HEAVY,0.123,FreshNest,us,PAID_SEARCH
977,2025-12-31,David,,josephvelasquez@example.net,2932771004,0,1,1,M,1988,Married,Professional,21000,2,1,Bachelors,US,New York,Port Evanland,77701,LOYAL_LIGHT,0.428,BreezeLine,us,PAID_SOCIAL
978,2025-12-31,Charles,Miranda,george62@example.net,001-624-208-2226,0,1,1,M,1991,Divorced,Management,68000,2,1,High School,US,Utah,Jamesmouth,60353,ONE_SHOT,0.793,FreshNest,us,EMAIL
979,2025-12-31,Kayla,Rhodes,,(709)275-4510x526,0,1,1,M,1989,Single,Professional,94000,3,0,Bachelors,US,Vermont,Shahbury,29634,ONE_SHOT,0.862,BreezeLine,us,PAID_SOCIAL
980,2025-12-31,Richard,,hreid@example.net,+1-827-223-5909,1,1,1,F,1987,Divorced,Professional,77000,1,0,High School,US,Washington,East Laurafurt,95673,CHURN_RISK,0.99,BreezeLine,us,PAID_SEARCH
981,2025-12-31,Nicholas,Rodriguez,,(800)502-5895x52963,0,1,1,M,1993,Married,Clerical,16000,1,1,Bachelors,US,Colorado,Lake Brittney,80284,LOYAL_LIGHT,0.439,AromaDrive,us,ORGANIC
982,2025-12-31,Kathleen,Smith,asilva@example.net,728-519-6482,1,0,1,F,1994,Single,Manual,52000,0,1,Bachelors,US,Wyoming,North Darius,98283,CHURN_RISK,0.761,BreezeLine,us,EMAIL
983,2025-12-31,Lynn,,,001-814-830-7536,0,1,1,M,1994,Divorced,Management,93000,1,0,High School,US,Kansas,Lake Dianashire,71788,CHURN_RISK,0.794,BreezeLine,us,EMAIL
984,2025-12-31,Ryan,Kelly,,+1-706-412-9439,0,1,1,F,1990,Divorced,Clerical,104000,0,1,Partial High School,US,Missouri,Jenningschester,79535,GROWING,0.518,AromaDrive,us,PAID_SEARCH
985,2025-12-31,Ryan,Paul,robert18@example.com,617.808.7601,0,1,0,F,1987,Divorced,Clerical,83000,0,1,Partial College,US,Hawaii,Weissside,14354,CHURN_RISK,0.992,FreshNest,us,PAID_SOCIAL
986,2025-12-31,Jessica,Kline,,423.584.9791x6202,0,1,1,M,1993,Single,Professional,60000,1,0,Partial College,US,Texas,South Brianburgh,87710,LOYAL_LIGHT,0.484,FreshNest,us,REFERRAL
987,2025-12-31,Cheryl,Glass,fhernandez@example.net,226-361-0941,1,1,1,M,1997,Single,Clerical,84000,0,1,Bachelors,US,Idaho,Randolphside,08590,LOYAL_LIGHT,0.399,AromaDrive,us,PAID_SEARCH
988,2025-12-31,Anthony,Stone,cummingscraig@example.com,559.502.5176x298,1,1,1,M,1989,Married,Skilled Manual,114000,0,1,High School,US,Illinois,Estradaburgh,50341,GROWING,0.412,BreezeLine,us,ORGANIC
989,2025-12-31,Alicia,Jacobs,wwilson@example.net,(816)248-7120,1,1,0,M,1982,Divorced,Self-Employed,86000,0,1,Partial High School,US,Colorado,West Danielfort,55876,GROWING,0.493,BreezeLine,us,REFERRAL
990,2025-12-31,Harry,Berry,davidphelps@example.org,(857)628-9413x4750,1,1,1,F,1985,Married,Manual,57000,2,0,Bachelors,US,Maryland,North Brookeshire,18311,LOYAL_LIGHT,0.326,FreshNest,us,EMAIL
991,2025-12-31,Michelle,,,858-635-0344,0,1,1,M,2001,Single,Self-Employed,68000,3,0,Partial College,US,New Mexico,Cohenland,46852,LOYAL_HEAVY,0.094,BreezeLine,us,PAID_SEARCH
992,2025-12-31,Mia,Ray,enewman@example.com,,1,0,0,F,1983,Single,Management,31000,3,0,High School,US,Wyoming,Jonesside,49409,GROWING,0.522,FreshNest,us,EMAIL
993,2025-12-31,Samuel,Valencia,,001-264-877-2512x95786,0,1,1,F,1984,Divorced,Skilled Manual,38000,1,1,Partial College,US,New Hampshire,Matthewmouth,36768,GROWING,0.857,BreezeLine,us,PAID_SOCIAL
994,2025-12-31,Teresa,Anderson,qhall@example.com,521-508-9028x5155,1,1,1,M,1996,Single,Skilled Manual,43000,2,0,Bachelors,US,Rhode Island,Lake Makayla,04959,GROWING,0.543,FreshNest,us,ORGANIC
995,2025-12-31,Michelle,Johnson,gary57@example.net,001-762-327-2362x66933,1,1,1,M,1998,Single,Manual,48000,2,0,High School,US,Missouri,Dwaynestad,09762,DECLINING,0.68,AromaDrive,us,PAID_SEARCH
996,2025-12-31,,Mcmillan,james98@example.net,+1-886-271-8153x52373,1,1,1,F,1977,Married,Professional,186000,0,0,Bachelors,US,Virginia,South Angelaton,07099,LOYAL_LIGHT,0.355,BreezeLine,us,ORGANIC
997,2025-12-31,Brandon,Coffey,charlesnathan@example.com,,0,0,0,M,1999,Married,Self-Employed,19000,0,0,Graduate Degree,US,Washington,Hernandezbury,41282,DECLINING,0.693,BreezeLine,us,PAID_SOCIAL
998,2025-12-31,Laura,Patton,kvillanueva@example.com,001-565-958-6652x548,1,1,0,M,1979,Married,Professional,36000,0,1,Partial High School,US,Kentucky,Lake Carolynfurt,29415,ONE_SHOT,0.859,AromaDrive,us,AFFILIATE
999,2025-12-31,Scott,James,zacharymarsh@example.net,,1,0,0,F,1985,Single,Professional,38000,0,1,High School,US,Minnesota,East Jessica,53588,DECLINING,0.677,BreezeLine,us,PAID_SOCIAL
1000,2025-12-31,Julie,,thomasmaldonado@example.com,+1-495-947-8769,1,0,1,F,1986,Married,Clerical,49000,1,1,Graduate Degree,US,Oregon,East Kyleborough,32436,ONE_SHOT,0.754,FreshNest,us,EMAIL
