survey_id,customer_id,sent_at,response_at,score,nps_category
S-00000001,9,2015-03-31,,,
S-00000002,1,2015-06-30,2015-06-30,9,Promoter
S-00000003,2,2015-06-30,2015-07-07,9,Promoter
S-00000004,5,2015-06-30,2015-07-11,9,Promoter
S-00000005,6,2015-06-30,,,
S-00000006,9,2015-06-30,,,
S-00000007,2,2015-09-30,2015-10-09,7,Passive
S-00000008,5,2015-09-30,,,
S-00000009,6,2015-09-30,,,
S-00000010,9,2015-09-30,2015-10-11,8,Passive
S-00000011,3,2015-12-31,2016-01-08,9,Promoter
S-00000012,8,2015-12-31,2016-01-10,8,Passive
S-00000013,9,2015-12-31,,,
S-00000014,13,2015-12-31,,,
S-00000015,22,2016-06-30,2016-07-11,8,Passive
S-00000016,2,2016-09-30,2016-10-14,6,Detractor
S-00000017,11,2016-09-30,2016-10-09,7,Passive
S-00000018,22,2016-09-30,2016-10-09,10,Promoter
S-00000019,3,2016-12-31,,,
S-00000020,23,2016-12-31,2017-01-14,10,Promoter
S-00000021,26,2016-12-31,2017-01-13,6,Detractor
S-00000022,31,2016-12-31,2017-01-10,1,Detractor
S-00000023,32,2016-12-31,,,
S-00000024,33,2016-12-31,,,
S-00000025,5,2017-03-31,,,
S-00000026,7,2017-03-31,,,
S-00000027,8,2017-03-31,2017-04-06,9,Promoter
S-00000028,12,2017-03-31,2017-04-09,9,Promoter
S-00000029,13,2017-03-31,2017-04-11,9,Promoter
S-00000030,19,2017-03-31,2017-04-08,6,Detractor
S-00000031,21,2017-03-31,,,
S-00000032,23,2017-03-31,2017-04-08,9,Promoter
S-00000033,25,2017-03-31,2017-04-04,9,Promoter
S-00000034,27,2017-03-31,2017-04-11,7,Passive
S-00000035,28,2017-03-31,,,
S-00000036,29,2017-03-31,2017-04-04,10,Promoter
S-00000037,31,2017-03-31,2017-04-11,4,Detractor
S-00000038,33,2017-03-31,2017-04-08,3,Detractor
S-00000039,35,2017-03-31,2017-04-10,8,Passive
S-00000040,12,2017-06-30,2017-07-05,10,Promoter
S-00000041,14,2017-06-30,,,
S-00000042,22,2017-06-30,,,
S-00000043,25,2017-06-30,,,
S-00000044,34,2017-06-30,2017-07-13,6,Detractor
S-00000045,38,2017-06-30,2017-07-08,8,Passive
S-00000046,40,2017-06-30,2017-07-03,7,Passive
S-00000047,43,2017-06-30,,,
S-00000048,44,2017-06-30,,,
S-00000049,19,2017-09-30,2017-10-03,8,Passive
S-00000050,22,2017-09-30,2017-10-05,9,Promoter
S-00000051,24,2017-09-30,2017-10-10,6,Detractor
S-00000052,27,2017-09-30,2017-10-13,7,Passive
S-00000053,43,2017-09-30,2017-10-02,7,Passive
S-00000054,51,2017-09-30,2017-10-11,9,Promoter
S-00000055,53,2017-09-30,2017-10-08,9,Promoter
S-00000056,61,2017-09-30,2017-10-11,9,Promoter
S-00000057,2,2017-12-31,2018-01-01,8,Passive
S-00000058,8,2017-12-31,2017-12-31,10,Promoter
S-00000059,12,2017-12-31,2018-01-14,9,Promoter
S-00000060,15,2017-12-31,,,
S-00000061,19,2017-12-31,2018-01-12,7,Passive
S-00000062,20,2017-12-31,2018-01-14,8,Passive
S-00000063,24,2017-12-31,2018-01-02,10,Promoter
S-00000064,33,2017-12-31,,,
S-00000065,37,2017-12-31,2018-01-01,8,Passive
S-00000066,38,2017-12-31,2018-01-02,10,Promoter
S-00000067,40,2017-12-31,2018-01-07,10,Promoter
S-00000068,41,2017-12-31,,,
S-00000069,48,2017-12-31,,,
S-00000070,54,2017-12-31,,,
S-00000071,56,2017-12-31,2018-01-12,1,Detractor
S-00000072,63,2017-12-31,,,
S-00000073,10,2018-03-31,,,
S-00000074,15,2018-03-31,,,
S-00000075,30,2018-03-31,2018-04-01,9,Promoter
S-00000076,33,2018-03-31,2018-04-11,5,Detractor
S-00000077,38,2018-03-31,,,
S-00000078,39,2018-03-31,2018-04-09,8,Passive
S-00000079,57,2018-03-31,2018-04-05,7,Passive
S-00000080,61,2018-03-31,2018-04-08,8,Passive
S-00000081,62,2018-03-31,2018-04-14,4,Detractor
S-00000082,67,2018-03-31,2018-04-09,5,Detractor
S-00000083,68,2018-03-31,2018-04-04,8,Passive
S-00000084,71,2018-03-31,,,
S-00000085,72,2018-03-31,,,
S-00000086,5,2018-06-30,,,
S-00000087,19,2018-06-30,,,
S-00000088,20,2018-06-30,,,
S-00000089,26,2018-06-30,2018-07-03,10,Promoter
S-00000090,35,2018-06-30,2018-07-11,6,Detractor
S-00000091,41,2018-06-30,,,
S-00000092,44,2018-06-30,,,
S-00000093,46,2018-06-30,2018-07-11,8,Passive
S-00000094,48,2018-06-30,2018-07-07,8,Passive
S-00000095,51,2018-06-30,2018-07-01,9,Promoter
S-00000096,52,2018-06-30,,,
S-00000097,53,2018-06-30,2018-07-10,1,Detractor
S-00000098,60,2018-06-30,2018-07-12,9,Promoter
S-00000099,61,2018-06-30,2018-07-02,8,Passive
S-00000100,69,2018-06-30,,,
S-00000101,73,2018-06-30,,,
S-00000102,75,2018-06-30,2018-07-01,4,Detractor
S-00000103,85,2018-06-30,,,
S-00000104,5,2018-09-30,2018-10-11,5,Detractor
S-00000105,10,2018-09-30,2018-10-06,5,Detractor
S-00000106,11,2018-09-30,,,
S-00000107,13,2018-09-30,2018-10-09,10,Promoter
S-00000108,15,2018-09-30,2018-09-30,8,Passive
S-00000109,23,2018-09-30,2018-10-01,8,Passive
S-00000110,27,2018-09-30,2018-10-07,7,Passive
S-00000111,30,2018-09-30,2018-10-06,8,Passive
S-00000112,31,2018-09-30,,,
S-00000113,40,2018-09-30,,,
S-00000114,46,2018-09-30,,,
S-00000115,53,2018-09-30,,,
S-00000116,54,2018-09-30,,,
S-00000117,61,2018-09-30,,,
S-00000118,64,2018-09-30,2018-10-01,10,Promoter
S-00000119,69,2018-09-30,2018-10-13,5,Detractor
S-00000120,71,2018-09-30,,,
S-00000121,74,2018-09-30,,,
S-00000122,92,2018-09-30,2018-10-12,9,Promoter
S-00000123,99,2018-09-30,,,
S-00000124,2,2018-12-31,,,
S-00000125,6,2018-12-31,,,
S-00000126,7,2018-12-31,2019-01-12,7,Passive
S-00000127,14,2018-12-31,,,
S-00000128,15,2018-12-31,2019-01-06,10,Promoter
S-00000129,26,2018-12-31,2019-01-08,8,Passive
S-00000130,29,2018-12-31,,,
S-00000131,43,2018-12-31,,,
S-00000132,51,2018-12-31,,,
S-00000133,52,2018-12-31,2019-01-08,7,Passive
S-00000134,54,2018-12-31,,,
S-00000135,59,2018-12-31,2019-01-08,9,Promoter
S-00000136,60,2018-12-31,2019-01-08,7,Passive
S-00000137,66,2018-12-31,2019-01-02,6,Detractor
S-00000138,68,2018-12-31,2019-01-01,8,Passive
S-00000139,73,2018-12-31,2019-01-12,10,Promoter
S-00000140,74,2018-12-31,,,
S-00000141,75,2018-12-31,2018-12-31,7,Passive
S-00000142,80,2018-12-31,2019-01-08,5,Detractor
S-00000143,89,2018-12-31,,,
S-00000144,90,2018-12-31,2019-01-01,10,Promoter
S-00000145,95,2018-12-31,,,
S-00000146,106,2018-12-31,2019-01-10,8,Passive
S-00000147,108,2018-12-31,2019-01-08,3,Detractor
S-00000148,115,2018-12-31,2019-01-13,10,Promoter
S-00000149,116,2018-12-31,,,
S-00000150,117,2018-12-31,,,
S-00000151,124,2018-12-31,,,
S-00000152,26,2019-03-31,2019-04-07,6,Detractor
S-00000153,27,2019-03-31,,,
S-00000154,29,2019-03-31,,,
S-00000155,30,2019-03-31,,,
S-00000156,35,2019-03-31,2019-04-09,7,Passive
S-00000157,37,2019-03-31,2019-04-02,10,Promoter
S-00000158,41,2019-03-31,,,
S-00000159,44,2019-03-31,,,
S-00000160,46,2019-03-31,2019-03-31,9,Promoter
S-00000161,51,2019-03-31,,,
S-00000162,75,2019-03-31,,,
S-00000163,77,2019-03-31,,,
S-00000164,86,2019-03-31,2019-04-09,10,Promoter
S-00000165,87,2019-03-31,,,
S-00000166,91,2019-03-31,,,
S-00000167,93,2019-03-31,,,
S-00000168,95,2019-03-31,,,
S-00000169,96,2019-03-31,2019-04-04,9,Promoter
S-00000170,104,2019-03-31,,,
S-00000171,106,2019-03-31,,,
S-00000172,116,2019-03-31,2019-04-03,8,Passive
S-00000173,119,2019-03-31,,,
S-00000174,121,2019-03-31,,,
S-00000175,124,2019-03-31,2019-04-11,8,Passive
S-00000176,125,2019-03-31,2019-04-02,8,Passive
S-00000177,129,2019-03-31,,,
S-00000178,130,2019-03-31,2019-04-05,5,Detractor
S-00000179,141,2019-03-31,,,
S-00000180,143,2019-03-31,2019-04-09,10,Promoter
S-00000181,147,2019-03-31,2019-04-05,10,Promoter
S-00000182,153,2019-03-31,,,
S-00000183,157,2019-03-31,2019-04-03,7,Passive
S-00000184,8,2019-06-30,2019-07-12,8,Passive
S-00000185,10,2019-06-30,2019-07-01,9,Promoter
S-00000186,17,2019-06-30,2019-07-05,7,Passive
S-00000187,20,2019-06-30,,,
S-00000188,30,2019-06-30,2019-07-12,8,Passive
S-00000189,33,2019-06-30,,,
S-00000190,37,2019-06-30,2019-07-10,8,Passive
S-00000191,39,2019-06-30,2019-07-03,8,Passive
S-00000192,46,2019-06-30,2019-07-05,8,Passive
S-00000193,52,2019-06-30,2019-07-04,8,Passive
S-00000194,59,2019-06-30,,,
S-00000195,69,2019-06-30,,,
S-00000196,70,2019-06-30,,,
S-00000197,73,2019-06-30,,,
S-00000198,78,2019-06-30,2019-07-04,7,Passive
S-00000199,80,2019-06-30,2019-07-01,9,Promoter
S-00000200,84,2019-06-30,,,
S-00000201,87,2019-06-30,2019-07-11,7,Passive
S-00000202,91,2019-06-30,,,
S-00000203,93,2019-06-30,,,
S-00000204,110,2019-06-30,2019-07-11,7,Passive
S-00000205,111,2019-06-30,,,
S-00000206,114,2019-06-30,,,
S-00000207,117,2019-06-30,2019-07-06,7,Passive
S-00000208,124,2019-06-30,,,
S-00000209,127,2019-06-30,,,
S-00000210,130,2019-06-30,,,
S-00000211,140,2019-06-30,,,
S-00000212,141,2019-06-30,,,
S-00000213,142,2019-06-30,2019-07-11,7,Passive
S-00000214,143,2019-06-30,2019-07-14,9,Promoter
S-00000215,147,2019-06-30,2019-07-12,8,Passive
S-00000216,149,2019-06-30,2019-07-03,4,Detractor
S-00000217,152,2019-06-30,,,
S-00000218,154,2019-06-30,2019-07-04,10,Promoter
S-00000219,160,2019-06-30,2019-07-09,8,Passive
S-00000220,164,2019-06-30,,,
S-00000221,166,2019-06-30,2019-07-10,7,Passive
S-00000222,170,2019-06-30,2019-07-11,6,Detractor
S-00000223,184,2019-06-30,,,
S-00000224,185,2019-06-30,,,
S-00000225,12,2019-09-30,2019-10-04,9,Promoter
S-00000226,20,2019-09-30,,,
S-00000227,27,2019-09-30,2019-10-06,7,Passive
S-00000228,30,2019-09-30,,,
S-00000229,31,2019-09-30,2019-10-08,0,Detractor
S-00000230,33,2019-09-30,2019-10-03,5,Detractor
S-00000231,39,2019-09-30,2019-10-12,6,Detractor
S-00000232,41,2019-09-30,,,
S-00000233,43,2019-09-30,,,
S-00000234,46,2019-09-30,2019-10-02,7,Passive
S-00000235,50,2019-09-30,2019-10-04,9,Promoter
S-00000236,54,2019-09-30,2019-10-12,6,Detractor
S-00000237,57,2019-09-30,2019-10-07,8,Passive
S-00000238,59,2019-09-30,2019-10-03,10,Promoter
S-00000239,71,2019-09-30,2019-10-13,3,Detractor
S-00000240,74,2019-09-30,2019-10-04,9,Promoter
S-00000241,81,2019-09-30,2019-10-03,6,Detractor
S-00000242,88,2019-09-30,,,
S-00000243,92,2019-09-30,2019-10-13,9,Promoter
S-00000244,94,2019-09-30,,,
S-00000245,96,2019-09-30,2019-10-05,10,Promoter
S-00000246,107,2019-09-30,2019-10-06,10,Promoter
S-00000247,108,2019-09-30,,,
S-00000248,112,2019-09-30,2019-10-06,9,Promoter
S-00000249,114,2019-09-30,2019-10-07,0,Detractor
S-00000250,115,2019-09-30,2019-10-06,8,Passive
S-00000251,122,2019-09-30,,,
S-00000252,129,2019-09-30,2019-10-08,3,Detractor
S-00000253,135,2019-09-30,,,
S-00000254,136,2019-09-30,,,
S-00000255,156,2019-09-30,,,
S-00000256,157,2019-09-30,,,
S-00000257,163,2019-09-30,2019-10-11,8,Passive
S-00000258,166,2019-09-30,2019-09-30,9,Promoter
S-00000259,170,2019-09-30,2019-10-04,8,Passive
S-00000260,172,2019-09-30,,,
S-00000261,177,2019-09-30,2019-10-05,5,Detractor
S-00000262,181,2019-09-30,,,
S-00000263,195,2019-09-30,,,
S-00000264,202,2019-09-30,,,
S-00000265,208,2019-09-30,2019-10-01,4,Detractor
S-00000266,220,2019-09-30,2019-10-04,5,Detractor
S-00000267,11,2019-12-31,2020-01-12,7,Passive
S-00000268,19,2019-12-31,2020-01-02,7,Passive
S-00000269,21,2019-12-31,2020-01-03,8,Passive
S-00000270,22,2019-12-31,2020-01-09,9,Promoter
S-00000271,23,2019-12-31,2020-01-03,7,Passive
S-00000272,30,2019-12-31,,,
S-00000273,34,2019-12-31,,,
S-00000274,37,2019-12-31,2020-01-06,10,Promoter
S-00000275,38,2019-12-31,2020-01-06,9,Promoter
S-00000276,39,2019-12-31,2020-01-05,7,Passive
S-00000277,51,2019-12-31,,,
S-00000278,54,2019-12-31,2020-01-12,10,Promoter
S-00000279,57,2019-12-31,,,
S-00000280,64,2019-12-31,2020-01-09,10,Promoter
S-00000281,71,2019-12-31,,,
S-00000282,73,2019-12-31,2020-01-09,8,Passive
S-00000283,75,2019-12-31,,,
S-00000284,79,2019-12-31,2020-01-11,10,Promoter
S-00000285,81,2019-12-31,2019-12-31,8,Passive
S-00000286,82,2019-12-31,,,
S-00000287,88,2019-12-31,2020-01-03,8,Passive
S-00000288,91,2019-12-31,2020-01-06,10,Promoter
S-00000289,94,2019-12-31,2020-01-04,9,Promoter
S-00000290,108,2019-12-31,,,
S-00000291,112,2019-12-31,2020-01-07,6,Detractor
S-00000292,118,2019-12-31,,,
S-00000293,126,2019-12-31,2020-01-04,10,Promoter
S-00000294,131,2019-12-31,2020-01-14,6,Detractor
S-00000295,140,2019-12-31,,,
S-00000296,143,2019-12-31,,,
S-00000297,146,2019-12-31,2020-01-08,10,Promoter
S-00000298,154,2019-12-31,2020-01-12,9,Promoter
S-00000299,160,2019-12-31,2020-01-12,3,Detractor
S-00000300,163,2019-12-31,2020-01-06,7,Passive
S-00000301,168,2019-12-31,,,
S-00000302,174,2019-12-31,2020-01-12,8,Passive
S-00000303,177,2019-12-31,,,
S-00000304,179,2019-12-31,2020-01-10,6,Detractor
S-00000305,181,2019-12-31,2020-01-10,8,Passive
S-00000306,182,2019-12-31,2020-01-05,8,Passive
S-00000307,183,2019-12-31,2020-01-03,7,Passive
S-00000308,188,2019-12-31,,,
S-00000309,198,2019-12-31,2020-01-09,6,Detractor
S-00000310,212,2019-12-31,,,
S-00000311,215,2019-12-31,,,
S-00000312,227,2019-12-31,,,
S-00000313,229,2019-12-31,,,
S-00000314,230,2019-12-31,2020-01-06,7,Passive
S-00000315,237,2019-12-31,2020-01-05,9,Promoter
S-00000316,244,2019-12-31,2020-01-05,9,Promoter
S-00000317,246,2019-12-31,,,
S-00000318,7,2020-03-31,2020-04-05,8,Passive
S-00000319,14,2020-03-31,2020-04-12,9,Promoter
S-00000320,15,2020-03-31,,,
S-00000321,19,2020-03-31,2020-04-03,10,Promoter
S-00000322,23,2020-03-31,2020-04-03,6,Detractor
S-00000323,29,2020-03-31,2020-04-08,10,Promoter
S-00000324,30,2020-03-31,2020-04-01,8,Passive
S-00000325,32,2020-03-31,2020-04-06,9,Promoter
S-00000326,33,2020-03-31,,,
S-00000327,35,2020-03-31,,,
S-00000328,40,2020-03-31,,,
S-00000329,44,2020-03-31,2020-04-06,4,Detractor
S-00000330,48,2020-03-31,2020-04-07,8,Passive
S-00000331,50,2020-03-31,2020-04-06,9,Promoter
S-00000332,59,2020-03-31,2020-04-01,8,Passive
S-00000333,60,2020-03-31,2020-04-14,9,Promoter
S-00000334,64,2020-03-31,2020-04-10,8,Passive
S-00000335,79,2020-03-31,2020-04-09,9,Promoter
S-00000336,80,2020-03-31,2020-04-12,6,Detractor
S-00000337,81,2020-03-31,,,
S-00000338,92,2020-03-31,,,
S-00000339,94,2020-03-31,2020-03-31,8,Passive
S-00000340,95,2020-03-31,2020-04-14,7,Passive
S-00000341,106,2020-03-31,2020-04-12,10,Promoter
S-00000342,107,2020-03-31,,,
S-00000343,109,2020-03-31,,,
S-00000344,114,2020-03-31,,,
S-00000345,115,2020-03-31,2020-04-04,9,Promoter
S-00000346,117,2020-03-31,2020-04-04,8,Passive
S-00000347,119,2020-03-31,,,
S-00000348,122,2020-03-31,,,
S-00000349,132,2020-03-31,2020-04-05,8,Passive
S-00000350,138,2020-03-31,2020-04-09,9,Promoter
S-00000351,147,2020-03-31,,,
S-00000352,149,2020-03-31,2020-04-12,8,Passive
S-00000353,151,2020-03-31,,,
S-00000354,154,2020-03-31,,,
S-00000355,162,2020-03-31,,,
S-00000356,175,2020-03-31,,,
S-00000357,182,2020-03-31,,,
S-00000358,183,2020-03-31,,,
S-00000359,184,2020-03-31,2020-04-11,10,Promoter
S-00000360,194,2020-03-31,,,
S-00000361,200,2020-03-31,2020-04-05,9,Promoter
S-00000362,207,2020-03-31,,,
S-00000363,211,2020-03-31,2020-04-04,7,Passive
S-00000364,214,2020-03-31,2020-04-09,7,Passive
S-00000365,229,2020-03-31,2020-04-06,9,Promoter
S-00000366,230,2020-03-31,,,
S-00000367,241,2020-03-31,,,
S-00000368,253,2020-03-31,,,
S-00000369,256,2020-03-31,,,
S-00000370,265,2020-03-31,,,
S-00000371,266,2020-03-31,,,
S-00000372,269,2020-03-31,2020-04-09,7,Passive
S-00000373,7,2020-06-30,2020-07-02,7,Passive
S-00000374,13,2020-06-30,,,
S-00000375,19,2020-06-30,2020-07-01,7,Passive
S-00000376,30,2020-06-30,2020-07-03,7,Passive
S-00000377,37,2020-06-30,,,
S-00000378,44,2020-06-30,,,
S-00000379,46,2020-06-30,,,
S-00000380,61,2020-06-30,,,
S-00000381,73,2020-06-30,2020-07-05,10,Promoter
S-00000382,76,2020-06-30,,,
S-00000383,77,2020-06-30,2020-07-03,10,Promoter
S-00000384,82,2020-06-30,,,
S-00000385,89,2020-06-30,,,
S-00000386,92,2020-06-30,,,
S-00000387,106,2020-06-30,2020-07-07,9,Promoter
S-00000388,109,2020-06-30,,,
S-00000389,113,2020-06-30,,,
S-00000390,115,2020-06-30,,,
S-00000391,119,2020-06-30,2020-07-10,6,Detractor
S-00000392,122,2020-06-30,,,
S-00000393,130,2020-06-30,,,
S-00000394,137,2020-06-30,2020-07-09,7,Passive
S-00000395,139,2020-06-30,,,
S-00000396,142,2020-06-30,2020-07-11,10,Promoter
S-00000397,153,2020-06-30,,,
S-00000398,156,2020-06-30,2020-07-09,8,Passive
S-00000399,164,2020-06-30,,,
S-00000400,183,2020-06-30,,,
S-00000401,201,2020-06-30,2020-07-12,9,Promoter
S-00000402,203,2020-06-30,2020-07-13,0,Detractor
S-00000403,212,2020-06-30,2020-07-10,4,Detractor
S-00000404,214,2020-06-30,,,
S-00000405,221,2020-06-30,2020-07-11,9,Promoter
S-00000406,224,2020-06-30,2020-07-04,6,Detractor
S-00000407,228,2020-06-30,,,
S-00000408,229,2020-06-30,,,
S-00000409,236,2020-06-30,,,
S-00000410,244,2020-06-30,2020-07-04,9,Promoter
S-00000411,249,2020-06-30,2020-07-06,10,Promoter
S-00000412,253,2020-06-30,,,
S-00000413,262,2020-06-30,2020-07-10,6,Detractor
S-00000414,267,2020-06-30,,,
S-00000415,273,2020-06-30,,,
S-00000416,279,2020-06-30,,,
S-00000417,283,2020-06-30,2020-07-02,9,Promoter
S-00000418,287,2020-06-30,,,
S-00000419,293,2020-06-30,,,
S-00000420,298,2020-06-30,,,
S-00000421,312,2020-06-30,2020-07-09,9,Promoter
S-00000422,2,2020-09-30,2020-10-06,10,Promoter
S-00000423,5,2020-09-30,,,
S-00000424,13,2020-09-30,2020-10-07,9,Promoter
S-00000425,15,2020-09-30,,,
S-00000426,20,2020-09-30,,,
S-00000427,34,2020-09-30,2020-10-14,9,Promoter
S-00000428,37,2020-09-30,2020-09-30,5,Detractor
S-00000429,48,2020-09-30,2020-10-11,7,Passive
S-00000430,57,2020-09-30,,,
S-00000431,59,2020-09-30,2020-10-02,5,Detractor
S-00000432,81,2020-09-30,,,
S-00000433,93,2020-09-30,2020-10-05,3,Detractor
S-00000434,107,2020-09-30,2020-10-09,8,Passive
S-00000435,114,2020-09-30,2020-10-06,2,Detractor
S-00000436,132,2020-09-30,2020-10-09,6,Detractor
S-00000437,136,2020-09-30,2020-09-30,8,Passive
S-00000438,137,2020-09-30,2020-10-02,7,Passive
S-00000439,152,2020-09-30,,,
S-00000440,153,2020-09-30,2020-10-13,4,Detractor
S-00000441,155,2020-09-30,,,
S-00000442,157,2020-09-30,,,
S-00000443,168,2020-09-30,,,
S-00000444,195,2020-09-30,2020-10-02,8,Passive
S-00000445,196,2020-09-30,2020-10-02,10,Promoter
S-00000446,197,2020-09-30,2020-10-01,7,Passive
S-00000447,199,2020-09-30,,,
S-00000448,203,2020-09-30,,,
S-00000449,206,2020-09-30,,,
S-00000450,225,2020-09-30,2020-10-10,6,Detractor
S-00000451,229,2020-09-30,,,
S-00000452,233,2020-09-30,,,
S-00000453,235,2020-09-30,,,
S-00000454,238,2020-09-30,,,
S-00000455,241,2020-09-30,2020-10-09,8,Passive
S-00000456,245,2020-09-30,2020-10-08,7,Passive
S-00000457,249,2020-09-30,2020-10-11,7,Passive
S-00000458,252,2020-09-30,2020-10-07,6,Detractor
S-00000459,253,2020-09-30,2020-09-30,4,Detractor
S-00000460,258,2020-09-30,2020-10-03,10,Promoter
S-00000461,260,2020-09-30,,,
S-00000462,262,2020-09-30,2020-10-09,3,Detractor
S-00000463,263,2020-09-30,2020-10-13,9,Promoter
S-00000464,265,2020-09-30,2020-10-08,7,Passive
S-00000465,274,2020-09-30,2020-10-02,7,Passive
S-00000466,277,2020-09-30,,,
S-00000467,280,2020-09-30,,,
S-00000468,283,2020-09-30,2020-10-02,9,Promoter
S-00000469,297,2020-09-30,,,
S-00000470,301,2020-09-30,,,
S-00000471,304,2020-09-30,,,
S-00000472,312,2020-09-30,2020-10-12,7,Passive
S-00000473,314,2020-09-30,2020-10-10,9,Promoter
S-00000474,323,2020-09-30,2020-10-05,10,Promoter
S-00000475,325,2020-09-30,,,
S-00000476,340,2020-09-30,,,
S-00000477,341,2020-09-30,,,
S-00000478,342,2020-09-30,,,
S-00000479,8,2020-12-31,2021-01-10,10,Promoter
S-00000480,15,2020-12-31,2021-01-08,9,Promoter
S-00000481,40,2020-12-31,2021-01-07,6,Detractor
S-00000482,43,2020-12-31,2021-01-01,10,Promoter
S-00000483,44,2020-12-31,,,
S-00000484,47,2020-12-31,,,
S-00000485,52,2020-12-31,2021-01-07,8,Passive
S-00000486,60,2020-12-31,2021-01-10,10,Promoter
S-00000487,64,2020-12-31,,,
S-00000488,68,2020-12-31,2021-01-02,9,Promoter
S-00000489,73,2020-12-31,,,
S-00000490,74,2020-12-31,2021-01-01,10,Promoter
S-00000491,77,2020-12-31,2021-01-03,7,Passive
S-00000492,80,2020-12-31,2021-01-13,9,Promoter
S-00000493,82,2020-12-31,,,
S-00000494,83,2020-12-31,,,
S-00000495,101,2020-12-31,,,
S-00000496,108,2020-12-31,2021-01-02,6,Detractor
S-00000497,114,2020-12-31,,,
S-00000498,116,2020-12-31,,,
S-00000499,119,2020-12-31,,,
S-00000500,138,2020-12-31,2021-01-09,9,Promoter
S-00000501,142,2020-12-31,,,
S-00000502,146,2020-12-31,,,
S-00000503,153,2020-12-31,2020-12-31,6,Detractor
S-00000504,155,2020-12-31,,,
S-00000505,156,2020-12-31,2020-12-31,8,Passive
S-00000506,162,2020-12-31,2021-01-02,6,Detractor
S-00000507,176,2020-12-31,2021-01-08,5,Detractor
S-00000508,177,2020-12-31,2021-01-03,6,Detractor
S-00000509,180,2020-12-31,2021-01-10,10,Promoter
S-00000510,183,2020-12-31,2021-01-04,8,Passive
S-00000511,198,2020-12-31,,,
S-00000512,202,2020-12-31,2021-01-05,8,Passive
S-00000513,217,2020-12-31,2021-01-10,4,Detractor
S-00000514,228,2020-12-31,,,
S-00000515,235,2020-12-31,2021-01-09,7,Passive
S-00000516,244,2020-12-31,,,
S-00000517,247,2020-12-31,2021-01-02,7,Passive
S-00000518,248,2020-12-31,2021-01-03,5,Detractor
S-00000519,251,2020-12-31,,,
S-00000520,266,2020-12-31,2021-01-03,5,Detractor
S-00000521,279,2020-12-31,,,
S-00000522,283,2020-12-31,2021-01-10,1,Detractor
S-00000523,297,2020-12-31,2021-01-06,4,Detractor
S-00000524,299,2020-12-31,,,
S-00000525,301,2020-12-31,,,
S-00000526,305,2020-12-31,,,
S-00000527,308,2020-12-31,2021-01-09,8,Passive
S-00000528,321,2020-12-31,2021-01-10,10,Promoter
S-00000529,322,2020-12-31,,,
S-00000530,323,2020-12-31,2021-01-07,9,Promoter
S-00000531,334,2020-12-31,2020-12-31,9,Promoter
S-00000532,337,2020-12-31,,,
S-00000533,341,2020-12-31,2021-01-13,8,Passive
S-00000534,342,2020-12-31,,,
S-00000535,343,2020-12-31,,,
S-00000536,345,2020-12-31,2021-01-06,6,Detractor
S-00000537,348,2020-12-31,,,
S-00000538,349,2020-12-31,,,
S-00000539,357,2020-12-31,2021-01-06,7,Passive
S-00000540,367,2020-12-31,,,
S-00000541,383,2020-12-31,,,
S-00000542,387,2020-12-31,,,
S-00000543,7,2021-03-31,2021-03-31,4,Detractor
S-00000544,10,2021-03-31,2021-04-07,6,Detractor
S-00000545,15,2021-03-31,,,
S-00000546,20,2021-03-31,2021-04-03,7,Passive
S-00000547,21,2021-03-31,,,
S-00000548,23,2021-03-31,,,
S-00000549,26,2021-03-31,,,
S-00000550,29,2021-03-31,2021-04-05,8,Passive
S-00000551,32,2021-03-31,,,
S-00000552,40,2021-03-31,,,
S-00000553,54,2021-03-31,,,
S-00000554,59,2021-03-31,,,
S-00000555,60,2021-03-31,,,
S-00000556,61,2021-03-31,2021-04-11,10,Promoter
S-00000557,69,2021-03-31,,,
S-00000558,76,2021-03-31,2021-04-12,7,Passive
S-00000559,81,2021-03-31,,,
S-00000560,82,2021-03-31,2021-04-14,0,Detractor
S-00000561,87,2021-03-31,2021-04-04,8,Passive
S-00000562,92,2021-03-31,2021-04-08,9,Promoter
S-00000563,95,2021-03-31,2021-04-09,8,Passive
S-00000564,106,2021-03-31,,,
S-00000565,111,2021-03-31,,,
S-00000566,113,2021-03-31,2021-04-09,7,Passive
S-00000567,119,2021-03-31,,,
S-00000568,137,2021-03-31,2021-04-06,6,Detractor
S-00000569,142,2021-03-31,2021-04-12,7,Passive
S-00000570,150,2021-03-31,,,
S-00000571,157,2021-03-31,2021-04-11,8,Passive
S-00000572,160,2021-03-31,2021-04-09,4,Detractor
S-00000573,163,2021-03-31,2021-04-11,8,Passive
S-00000574,166,2021-03-31,,,
S-00000575,174,2021-03-31,2021-04-12,10,Promoter
S-00000576,179,2021-03-31,2021-04-05,10,Promoter
S-00000577,185,2021-03-31,,,
S-00000578,194,2021-03-31,,,
S-00000579,204,2021-03-31,,,
S-00000580,210,2021-03-31,,,
S-00000581,214,2021-03-31,2021-04-10,9,Promoter
S-00000582,231,2021-03-31,,,
S-00000583,233,2021-03-31,,,
S-00000584,239,2021-03-31,,,
S-00000585,245,2021-03-31,,,
S-00000586,251,2021-03-31,,,
S-00000587,266,2021-03-31,2021-04-11,5,Detractor
S-00000588,271,2021-03-31,,,
S-00000589,277,2021-03-31,2021-04-04,10,Promoter
S-00000590,278,2021-03-31,,,
S-00000591,283,2021-03-31,,,
S-00000592,302,2021-03-31,,,
S-00000593,320,2021-03-31,2021-04-14,8,Passive
S-00000594,327,2021-03-31,,,
S-00000595,328,2021-03-31,2021-04-09,4,Detractor
S-00000596,335,2021-03-31,2021-04-10,10,Promoter
S-00000597,338,2021-03-31,,,
S-00000598,341,2021-03-31,,,
S-00000599,346,2021-03-31,2021-04-12,7,Passive
S-00000600,351,2021-03-31,,,
S-00000601,355,2021-03-31,2021-04-12,9,Promoter
S-00000602,363,2021-03-31,,,
S-00000603,399,2021-03-31,2021-04-09,5,Detractor
S-00000604,400,2021-03-31,2021-04-11,2,Detractor
S-00000605,403,2021-03-31,2021-04-01,3,Detractor
S-00000606,405,2021-03-31,,,
S-00000607,415,2021-03-31,,,
S-00000608,416,2021-03-31,,,
S-00000609,420,2021-03-31,2021-04-07,9,Promoter
S-00000610,5,2021-06-30,2021-07-12,7,Passive
S-00000611,23,2021-06-30,2021-07-02,10,Promoter
S-00000612,27,2021-06-30,,,
S-00000613,39,2021-06-30,,,
S-00000614,40,2021-06-30,2021-07-07,9,Promoter
S-00000615,46,2021-06-30,2021-07-08,9,Promoter
S-00000616,57,2021-06-30,2021-07-07,10,Promoter
S-00000617,65,2021-06-30,,,
S-00000618,68,2021-06-30,,,
S-00000619,69,2021-06-30,2021-07-06,6,Detractor
S-00000620,73,2021-06-30,2021-07-12,10,Promoter
S-00000621,74,2021-06-30,2021-07-05,10,Promoter
S-00000622,76,2021-06-30,2021-07-04,8,Passive
S-00000623,82,2021-06-30,,,
S-00000624,87,2021-06-30,2021-07-01,9,Promoter
S-00000625,91,2021-06-30,,,
S-00000626,106,2021-06-30,2021-07-10,9,Promoter
S-00000627,116,2021-06-30,2021-07-11,8,Passive
S-00000628,117,2021-06-30,2021-07-09,7,Passive
S-00000629,126,2021-06-30,2021-07-12,9,Promoter
S-00000630,140,2021-06-30,2021-07-13,6,Detractor
S-00000631,146,2021-06-30,2021-07-08,4,Detractor
S-00000632,150,2021-06-30,,,
S-00000633,154,2021-06-30,2021-07-06,5,Detractor
S-00000634,168,2021-06-30,2021-07-11,8,Passive
S-00000635,170,2021-06-30,,,
S-00000636,186,2021-06-30,,,
S-00000637,194,2021-06-30,,,
S-00000638,204,2021-06-30,,,
S-00000639,210,2021-06-30,,,
S-00000640,231,2021-06-30,,,
S-00000641,233,2021-06-30,,,
S-00000642,236,2021-06-30,,,
S-00000643,240,2021-06-30,,,
S-00000644,241,2021-06-30,,,
S-00000645,245,2021-06-30,,,
S-00000646,246,2021-06-30,,,
S-00000647,247,2021-06-30,2021-07-14,8,Passive
S-00000648,258,2021-06-30,2021-07-14,7,Passive
S-00000649,260,2021-06-30,2021-07-06,8,Passive
S-00000650,270,2021-06-30,,,
S-00000651,272,2021-06-30,2021-07-14,2,Detractor
S-00000652,281,2021-06-30,,,
S-00000653,283,2021-06-30,,,
S-00000654,286,2021-06-30,,,
S-00000655,295,2021-06-30,,,
S-00000656,305,2021-06-30,,,
S-00000657,306,2021-06-30,,,
S-00000658,320,2021-06-30,2021-07-12,7,Passive
S-00000659,323,2021-06-30,,,
S-00000660,324,2021-06-30,,,
S-00000661,337,2021-06-30,,,
S-00000662,339,2021-06-30,2021-07-06,10,Promoter
S-00000663,345,2021-06-30,,,
S-00000664,351,2021-06-30,2021-07-14,10,Promoter
S-00000665,366,2021-06-30,2021-07-09,0,Detractor
S-00000666,367,2021-06-30,,,
S-00000667,377,2021-06-30,2021-07-09,10,Promoter
S-00000668,386,2021-06-30,2021-07-09,6,Detractor
S-00000669,393,2021-06-30,2021-07-09,10,Promoter
S-00000670,406,2021-06-30,2021-07-14,10,Promoter
S-00000671,409,2021-06-30,2021-07-08,10,Promoter
S-00000672,411,2021-06-30,2021-07-01,0,Detractor
S-00000673,413,2021-06-30,,,
S-00000674,416,2021-06-30,,,
S-00000675,419,2021-06-30,2021-07-04,8,Passive
S-00000676,424,2021-06-30,2021-07-05,9,Promoter
S-00000677,428,2021-06-30,2021-07-14,5,Detractor
S-00000678,434,2021-06-30,,,
S-00000679,435,2021-06-30,,,
S-00000680,437,2021-06-30,2021-07-13,4,Detractor
S-00000681,438,2021-06-30,,,
S-00000682,440,2021-06-30,2021-07-03,7,Passive
S-00000683,446,2021-06-30,,,
S-00000684,447,2021-06-30,,,
S-00000685,457,2021-06-30,,,
S-00000686,458,2021-06-30,2021-07-14,6,Detractor
S-00000687,474,2021-06-30,2021-07-13,9,Promoter
S-00000688,475,2021-06-30,2021-07-03,6,Detractor
S-00000689,6,2021-09-30,2021-10-14,4,Detractor
S-00000690,11,2021-09-30,,,
S-00000691,12,2021-09-30,,,
S-00000692,13,2021-09-30,2021-10-11,9,Promoter
S-00000693,19,2021-09-30,,,
S-00000694,30,2021-09-30,2021-10-10,8,Passive
S-00000695,39,2021-09-30,,,
S-00000696,40,2021-09-30,2021-10-01,9,Promoter
S-00000697,52,2021-09-30,2021-10-11,8,Passive
S-00000698,59,2021-09-30,2021-10-07,7,Passive
S-00000699,60,2021-09-30,,,
S-00000700,64,2021-09-30,2021-10-05,8,Passive
S-00000701,73,2021-09-30,2021-10-07,10,Promoter
S-00000702,99,2021-09-30,2021-10-13,9,Promoter
S-00000703,132,2021-09-30,2021-10-03,8,Passive
S-00000704,140,2021-09-30,2021-10-02,9,Promoter
S-00000705,146,2021-09-30,2021-10-03,6,Detractor
S-00000706,149,2021-09-30,,,
S-00000707,157,2021-09-30,2021-10-03,9,Promoter
S-00000708,160,2021-09-30,2021-10-04,2,Detractor
S-00000709,163,2021-09-30,,,
S-00000710,168,2021-09-30,,,
S-00000711,170,2021-09-30,,,
S-00000712,175,2021-09-30,,,
S-00000713,183,2021-09-30,,,
S-00000714,185,2021-09-30,2021-10-08,8,Passive
S-00000715,186,2021-09-30,2021-10-05,9,Promoter
S-00000716,202,2021-09-30,,,
S-00000717,212,2021-09-30,,,
S-00000718,217,2021-09-30,2021-10-04,8,Passive
S-00000719,224,2021-09-30,2021-09-30,5,Detractor
S-00000720,235,2021-09-30,2021-10-04,8,Passive
S-00000721,238,2021-09-30,2021-09-30,7,Passive
S-00000722,244,2021-09-30,,,
S-00000723,245,2021-09-30,,,
S-00000724,251,2021-09-30,,,
S-00000725,262,2021-09-30,,,
S-00000726,268,2021-09-30,2021-10-09,9,Promoter
S-00000727,270,2021-09-30,2021-10-07,4,Detractor
S-00000728,271,2021-09-30,2021-10-03,7,Passive
S-00000729,273,2021-09-30,2021-10-13,9,Promoter
S-00000730,277,2021-09-30,2021-10-05,7,Passive
S-00000731,280,2021-09-30,2021-10-12,7,Passive
S-00000732,285,2021-09-30,,,
S-00000733,298,2021-09-30,,,
S-00000734,299,2021-09-30,2021-10-07,9,Promoter
S-00000735,300,2021-09-30,,,
S-00000736,306,2021-09-30,2021-10-09,8,Passive
S-00000737,323,2021-09-30,2021-10-05,6,Detractor
S-00000738,325,2021-09-30,,,
S-00000739,326,2021-09-30,2021-10-10,10,Promoter
S-00000740,327,2021-09-30,,,
S-00000741,332,2021-09-30,2021-10-06,4,Detractor
S-00000742,340,2021-09-30,,,
S-00000743,345,2021-09-30,2021-10-11,6,Detractor
S-00000744,348,2021-09-30,,,
S-00000745,352,2021-09-30,2021-10-05,8,Passive
S-00000746,355,2021-09-30,2021-10-09,6,Detractor
S-00000747,360,2021-09-30,2021-10-01,10,Promoter
S-00000748,362,2021-09-30,,,
S-00000749,363,2021-09-30,,,
S-00000750,369,2021-09-30,,,
S-00000751,372,2021-09-30,,,
S-00000752,377,2021-09-30,,,
S-00000753,380,2021-09-30,,,
S-00000754,382,2021-09-30,,,
S-00000755,384,2021-09-30,2021-09-30,5,Detractor
S-00000756,385,2021-09-30,2021-10-08,7,Passive
S-00000757,399,2021-09-30,2021-09-30,8,Passive
S-00000758,410,2021-09-30,,,
S-00000759,418,2021-09-30,2021-10-09,5,Detractor
S-00000760,425,2021-09-30,,,
S-00000761,430,2021-09-30,,,
S-00000762,460,2021-09-30,,,
S-00000763,472,2021-09-30,,,
S-00000764,476,2021-09-30,,,
S-00000765,477,2021-09-30,,,
S-00000766,491,2021-09-30,,,
S-00000767,492,2021-09-30,,,
S-00000768,494,2021-09-30,,,
S-00000769,499,2021-09-30,,,
S-00000770,501,2021-09-30,,,
S-00000771,511,2021-09-30,,,
S-00000772,514,2021-09-30,2021-10-04,9,Promoter
S-00000773,7,2021-12-31,2022-01-09,9,Promoter
S-00000774,8,2021-12-31,2022-01-09,8,Passive
S-00000775,22,2021-12-31,,,
S-00000776,33,2021-12-31,2022-01-05,6,Detractor
S-00000777,53,2021-12-31,,,
S-00000778,54,2021-12-31,,,
S-00000779,57,2021-12-31,,,
S-00000780,69,2021-12-31,,,
S-00000781,76,2021-12-31,2021-12-31,7,Passive
S-00000782,82,2021-12-31,,,
S-00000783,87,2021-12-31,,,
S-00000784,92,2021-12-31,2022-01-06,10,Promoter
S-00000785,98,2021-12-31,2022-01-01,10,Promoter
S-00000786,107,2021-12-31,2022-01-02,7,Passive
S-00000787,110,2021-12-31,2022-01-03,8,Passive
S-00000788,112,2021-12-31,,,
S-00000789,113,2021-12-31,2021-12-31,10,Promoter
S-00000790,119,2021-12-31,,,
S-00000791,126,2021-12-31,2022-01-11,9,Promoter
S-00000792,129,2021-12-31,,,
S-00000793,132,2021-12-31,2022-01-04,9,Promoter
S-00000794,135,2021-12-31,,,
S-00000795,154,2021-12-31,,,
S-00000796,155,2021-12-31,,,
S-00000797,157,2021-12-31,,,
S-00000798,166,2021-12-31,,,
S-00000799,174,2021-12-31,,,
S-00000800,175,2021-12-31,2022-01-02,7,Passive
S-00000801,179,2021-12-31,,,
S-00000802,180,2021-12-31,2022-01-01,10,Promoter
S-00000803,182,2021-12-31,2022-01-02,9,Promoter
S-00000804,188,2021-12-31,2022-01-13,7,Passive
S-00000805,202,2021-12-31,2022-01-06,8,Passive
S-00000806,212,2021-12-31,,,
S-00000807,222,2021-12-31,,,
S-00000808,225,2021-12-31,,,
S-00000809,233,2021-12-31,,,
S-00000810,235,2021-12-31,2022-01-14,6,Detractor
S-00000811,236,2021-12-31,,,
S-00000812,238,2021-12-31,,,
S-00000813,239,2021-12-31,2022-01-04,8,Passive
S-00000814,241,2021-12-31,2022-01-13,9,Promoter
S-00000815,245,2021-12-31,2022-01-14,9,Promoter
S-00000816,247,2021-12-31,,,
S-00000817,260,2021-12-31,2022-01-10,8,Passive
S-00000818,267,2021-12-31,,,
S-00000819,272,2021-12-31,2022-01-03,5,Detractor
S-00000820,273,2021-12-31,,,
S-00000821,282,2021-12-31,2022-01-04,9,Promoter
S-00000822,288,2021-12-31,2022-01-04,7,Passive
S-00000823,290,2021-12-31,2022-01-14,8,Passive
S-00000824,291,2021-12-31,2022-01-13,10,Promoter
S-00000825,300,2021-12-31,,,
S-00000826,314,2021-12-31,,,
S-00000827,321,2021-12-31,2022-01-04,9,Promoter
S-00000828,337,2021-12-31,2022-01-08,6,Detractor
S-00000829,341,2021-12-31,2022-01-11,7,Passive
S-00000830,345,2021-12-31,,,
S-00000831,354,2021-12-31,2022-01-14,9,Promoter
S-00000832,363,2021-12-31,2022-01-12,9,Promoter
S-00000833,369,2021-12-31,,,
S-00000834,374,2021-12-31,2022-01-06,9,Promoter
S-00000835,376,2021-12-31,2021-12-31,9,Promoter
S-00000836,381,2021-12-31,,,
S-00000837,383,2021-12-31,,,
S-00000838,386,2021-12-31,,,
S-00000839,389,2021-12-31,,,
S-00000840,396,2021-12-31,2022-01-07,6,Detractor
S-00000841,399,2021-12-31,2022-01-01,5,Detractor
S-00000842,400,2021-12-31,,,
S-00000843,407,2021-12-31,,,
S-00000844,412,2021-12-31,,,
S-00000845,413,2021-12-31,2022-01-13,7,Passive
S-00000846,419,2021-12-31,2022-01-03,7,Passive
S-00000847,427,2021-12-31,2022-01-12,2,Detractor
S-00000848,428,2021-12-31,,,
S-00000849,429,2021-12-31,2022-01-14,10,Promoter
S-00000850,437,2021-12-31,2022-01-02,6,Detractor
S-00000851,439,2021-12-31,,,
S-00000852,440,2021-12-31,2022-01-04,10,Promoter
S-00000853,448,2021-12-31,2022-01-06,8,Passive
S-00000854,450,2021-12-31,2022-01-08,1,Detractor
S-00000855,454,2021-12-31,,,
S-00000856,456,2021-12-31,,,
S-00000857,457,2021-12-31,2021-12-31,8,Passive
S-00000858,463,2021-12-31,,,
S-00000859,468,2021-12-31,,,
S-00000860,477,2021-12-31,,,
S-00000861,479,2021-12-31,2022-01-12,9,Promoter
S-00000862,480,2021-12-31,2022-01-01,5,Detractor
S-00000863,482,2021-12-31,,,
S-00000864,486,2021-12-31,2022-01-13,10,Promoter
S-00000865,489,2021-12-31,,,
S-00000866,496,2021-12-31,2022-01-03,6,Detractor
S-00000867,498,2021-12-31,,,
S-00000868,500,2021-12-31,,,
S-00000869,502,2021-12-31,2021-12-31,9,Promoter
S-00000870,506,2021-12-31,,,
S-00000871,510,2021-12-31,2022-01-03,10,Promoter
S-00000872,511,2021-12-31,2022-01-08,8,Passive
S-00000873,512,2021-12-31,,,
S-00000874,517,2021-12-31,2022-01-13,9,Promoter
S-00000875,534,2021-12-31,2022-01-12,3,Detractor
S-00000876,538,2021-12-31,2022-01-13,5,Detractor
S-00000877,548,2021-12-31,2022-01-04,8,Passive
S-00000878,557,2021-12-31,,,
S-00000879,10,2022-03-31,2022-04-01,9,Promoter
S-00000880,12,2022-03-31,2022-04-07,7,Passive
S-00000881,17,2022-03-31,,,
S-00000882,19,2022-03-31,2022-03-31,8,Passive
S-00000883,20,2022-03-31,,,
S-00000884,25,2022-03-31,2022-04-11,10,Promoter
S-00000885,30,2022-03-31,2022-04-07,7,Passive
S-00000886,34,2022-03-31,2022-04-11,9,Promoter
S-00000887,43,2022-03-31,2022-04-02,8,Passive
S-00000888,73,2022-03-31,2022-04-08,9,Promoter
S-00000889,77,2022-03-31,,,
S-00000890,79,2022-03-31,2022-04-10,9,Promoter
S-00000891,106,2022-03-31,,,
S-00000892,111,2022-03-31,,,
S-00000893,113,2022-03-31,2022-04-07,7,Passive
S-00000894,117,2022-03-31,2022-04-02,6,Detractor
S-00000895,126,2022-03-31,2022-04-10,8,Passive
S-00000896,132,2022-03-31,2022-04-14,7,Passive
S-00000897,140,2022-03-31,2022-04-03,9,Promoter
S-00000898,154,2022-03-31,,,
S-00000899,156,2022-03-31,2022-04-13,9,Promoter
S-00000900,162,2022-03-31,2022-04-12,8,Passive
S-00000901,166,2022-03-31,2022-04-07,8,Passive
S-00000902,174,2022-03-31,2022-04-10,6,Detractor
S-00000903,179,2022-03-31,,,
S-00000904,180,2022-03-31,2022-04-02,9,Promoter
S-00000905,182,2022-03-31,2022-04-02,10,Promoter
S-00000906,200,2022-03-31,2022-04-14,6,Detractor
S-00000907,202,2022-03-31,2022-04-10,9,Promoter
S-00000908,211,2022-03-31,2022-04-14,7,Passive
S-00000909,212,2022-03-31,2022-04-08,10,Promoter
S-00000910,225,2022-03-31,2022-04-05,8,Passive
S-00000911,244,2022-03-31,2022-04-06,9,Promoter
S-00000912,261,2022-03-31,2022-04-10,5,Detractor
S-00000913,262,2022-03-31,,,
S-00000914,263,2022-03-31,2022-04-03,10,Promoter
S-00000915,271,2022-03-31,2022-04-05,4,Detractor
S-00000916,280,2022-03-31,2022-04-12,5,Detractor
S-00000917,285,2022-03-31,2022-04-08,9,Promoter
S-00000918,291,2022-03-31,,,
S-00000919,298,2022-03-31,2022-04-03,8,Passive
S-00000920,301,2022-03-31,2022-04-02,9,Promoter
S-00000921,303,2022-03-31,,,
S-00000922,307,2022-03-31,2022-04-09,10,Promoter
S-00000923,312,2022-03-31,,,
S-00000924,314,2022-03-31,,,
S-00000925,319,2022-03-31,2022-04-11,9,Promoter
S-00000926,320,2022-03-31,2022-04-05,8,Passive
S-00000927,321,2022-03-31,2022-04-09,8,Passive
S-00000928,326,2022-03-31,2022-04-13,1,Detractor
S-00000929,333,2022-03-31,2022-04-14,6,Detractor
S-00000930,337,2022-03-31,2022-04-04,4,Detractor
S-00000931,345,2022-03-31,2022-04-11,5,Detractor
S-00000932,359,2022-03-31,2022-04-08,8,Passive
S-00000933,360,2022-03-31,,,
S-00000934,364,2022-03-31,2022-04-08,10,Promoter
S-00000935,374,2022-03-31,2022-04-13,10,Promoter
S-00000936,375,2022-03-31,,,
S-00000937,407,2022-03-31,,,
S-00000938,412,2022-03-31,,,
S-00000939,419,2022-03-31,2022-04-08,8,Passive
S-00000940,420,2022-03-31,2022-04-04,8,Passive
S-00000941,425,2022-03-31,2022-04-14,5,Detractor
S-00000942,428,2022-03-31,,,
S-00000943,443,2022-03-31,2022-04-01,3,Detractor
S-00000944,447,2022-03-31,2022-04-07,7,Passive
S-00000945,465,2022-03-31,2022-04-14,9,Promoter
S-00000946,478,2022-03-31,,,
S-00000947,480,2022-03-31,,,
S-00000948,489,2022-03-31,,,
S-00000949,491,2022-03-31,,,
S-00000950,493,2022-03-31,2022-04-06,1,Detractor
S-00000951,494,2022-03-31,,,
S-00000952,496,2022-03-31,2022-04-08,9,Promoter
S-00000953,508,2022-03-31,2022-04-13,9,Promoter
S-00000954,510,2022-03-31,2022-04-09,8,Passive
S-00000955,517,2022-03-31,,,
S-00000956,519,2022-03-31,2022-04-14,9,Promoter
S-00000957,520,2022-03-31,2022-04-04,8,Passive
S-00000958,524,2022-03-31,2022-04-13,5,Detractor
S-00000959,534,2022-03-31,2022-04-09,4,Detractor
S-00000960,535,2022-03-31,2022-04-08,5,Detractor
S-00000961,542,2022-03-31,2022-04-03,7,Passive
S-00000962,545,2022-03-31,2022-04-10,7,Passive
S-00000963,548,2022-03-31,,,
S-00000964,550,2022-03-31,,,
S-00000965,557,2022-03-31,,,
S-00000966,559,2022-03-31,2022-04-04,9,Promoter
S-00000967,560,2022-03-31,,,
S-00000968,571,2022-03-31,,,
S-00000969,582,2022-03-31,,,
S-00000970,604,2022-03-31,,,
S-00000971,614,2022-03-31,2022-04-14,3,Detractor
S-00000972,8,2022-06-30,,,
S-00000973,10,2022-06-30,,,
S-00000974,13,2022-06-30,,,
S-00000975,19,2022-06-30,,,
S-00000976,20,2022-06-30,2022-07-14,9,Promoter
S-00000977,27,2022-06-30,2022-07-09,6,Detractor
S-00000978,29,2022-06-30,2022-07-04,10,Promoter
S-00000979,34,2022-06-30,,,
S-00000980,37,2022-06-30,2022-07-11,6,Detractor
S-00000981,41,2022-06-30,2022-07-06,5,Detractor
S-00000982,43,2022-06-30,,,
S-00000983,44,2022-06-30,,,
S-00000984,57,2022-06-30,2022-07-05,9,Promoter
S-00000985,60,2022-06-30,2022-07-11,10,Promoter
S-00000986,68,2022-06-30,2022-07-12,7,Passive
S-00000987,74,2022-06-30,2022-07-03,9,Promoter
S-00000988,86,2022-06-30,2022-07-06,9,Promoter
S-00000989,98,2022-06-30,,,
S-00000990,99,2022-06-30,2022-07-07,6,Detractor
S-00000991,135,2022-06-30,,,
S-00000992,137,2022-06-30,2022-07-10,8,Passive
S-00000993,147,2022-06-30,,,
S-00000994,149,2022-06-30,,,
S-00000995,153,2022-06-30,,,
S-00000996,154,2022-06-30,2022-07-12,9,Promoter
S-00000997,157,2022-06-30,,,
S-00000998,162,2022-06-30,,,
S-00000999,166,2022-06-30,2022-07-07,8,Passive
S-00001000,181,2022-06-30,,,
S-00001001,183,2022-06-30,2022-07-12,7,Passive
S-00001002,197,2022-06-30,2022-07-11,10,Promoter
S-00001003,210,2022-06-30,,,
S-00001004,213,2022-06-30,2022-07-13,7,Passive
S-00001005,217,2022-06-30,,,
S-00001006,224,2022-06-30,2022-07-14,7,Passive
S-00001007,229,2022-06-30,,,
S-00001008,241,2022-06-30,,,
S-00001009,242,2022-06-30,,,
S-00001010,251,2022-06-30,,,
S-00001011,259,2022-06-30,,,
S-00001012,261,2022-06-30,,,
S-00001013,272,2022-06-30,,,
S-00001014,273,2022-06-30,,,
S-00001015,285,2022-06-30,2022-07-13,8,Passive
S-00001016,290,2022-06-30,2022-07-05,10,Promoter
S-00001017,291,2022-06-30,2022-07-11,9,Promoter
S-00001018,294,2022-06-30,2022-06-30,0,Detractor
S-00001019,296,2022-06-30,,,
S-00001020,298,2022-06-30,,,
S-00001021,301,2022-06-30,2022-07-06,10,Promoter
S-00001022,302,2022-06-30,,,
S-00001023,309,2022-06-30,2022-07-07,9,Promoter
S-00001024,312,2022-06-30,2022-07-01,10,Promoter
S-00001025,316,2022-06-30,2022-07-07,8,Passive
S-00001026,322,2022-06-30,,,
S-00001027,337,2022-06-30,2022-07-08,4,Detractor
S-00001028,345,2022-06-30,2022-07-01,7,Passive
S-00001029,354,2022-06-30,2022-07-11,6,Detractor
S-00001030,360,2022-06-30,,,
S-00001031,362,2022-06-30,,,
S-00001032,363,2022-06-30,,,
S-00001033,365,2022-06-30,2022-07-10,8,Passive
S-00001034,366,2022-06-30,,,
S-00001035,386,2022-06-30,2022-07-01,8,Passive
S-00001036,407,2022-06-30,2022-07-01,8,Passive
S-00001037,419,2022-06-30,2022-07-06,9,Promoter
S-00001038,425,2022-06-30,,,
S-00001039,451,2022-06-30,2022-07-07,9,Promoter
S-00001040,452,2022-06-30,2022-07-11,5,Detractor
S-00001041,455,2022-06-30,,,
S-00001042,458,2022-06-30,,,
S-00001043,461,2022-06-30,2022-07-12,4,Detractor
S-00001044,469,2022-06-30,2022-07-13,4,Detractor
S-00001045,472,2022-06-30,2022-07-14,8,Passive
S-00001046,477,2022-06-30,,,
S-00001047,482,2022-06-30,,,
S-00001048,483,2022-06-30,,,
S-00001049,490,2022-06-30,,,
S-00001050,492,2022-06-30,,,
S-00001051,493,2022-06-30,,,
S-00001052,497,2022-06-30,2022-07-09,10,Promoter
S-00001053,503,2022-06-30,,,
S-00001054,504,2022-06-30,2022-07-01,8,Passive
S-00001055,511,2022-06-30,2022-07-05,7,Passive
S-00001056,516,2022-06-30,,,
S-00001057,520,2022-06-30,,,
S-00001058,522,2022-06-30,,,
S-00001059,523,2022-06-30,,,
S-00001060,529,2022-06-30,2022-07-06,2,Detractor
S-00001061,541,2022-06-30,,,
S-00001062,547,2022-06-30,2022-06-30,10,Promoter
S-00001063,561,2022-06-30,2022-07-02,9,Promoter
S-00001064,569,2022-06-30,2022-07-02,4,Detractor
S-00001065,574,2022-06-30,2022-07-02,9,Promoter
S-00001066,575,2022-06-30,,,
S-00001067,578,2022-06-30,,,
S-00001068,589,2022-06-30,,,
S-00001069,593,2022-06-30,,,
S-00001070,616,2022-06-30,,,
S-00001071,622,2022-06-30,,,
S-00001072,628,2022-06-30,,,
S-00001073,645,2022-06-30,,,
S-00001074,647,2022-06-30,2022-07-08,9,Promoter
S-00001075,652,2022-06-30,,,
S-00001076,6,2022-09-30,2022-10-10,8,Passive
S-00001077,8,2022-09-30,,,
S-00001078,19,2022-09-30,2022-10-13,7,Passive
S-00001079,29,2022-09-30,2022-10-06,8,Passive
S-00001080,33,2022-09-30,2022-10-01,2,Detractor
S-00001081,43,2022-09-30,2022-10-13,9,Promoter
S-00001082,53,2022-09-30,2022-10-13,4,Detractor
S-00001083,57,2022-09-30,2022-09-30,7,Passive
S-00001084,60,2022-09-30,,,
S-00001085,76,2022-09-30,2022-10-08,9,Promoter
S-00001086,82,2022-09-30,,,
S-00001087,91,2022-09-30,2022-10-01,7,Passive
S-00001088,93,2022-09-30,,,
S-00001089,95,2022-09-30,2022-10-05,9,Promoter
S-00001090,106,2022-09-30,,,
S-00001091,108,2022-09-30,,,
S-00001092,113,2022-09-30,,,
S-00001093,125,2022-09-30,,,
S-00001094,126,2022-09-30,2022-10-02,9,Promoter
S-00001095,129,2022-09-30,,,
S-00001096,149,2022-09-30,2022-10-11,4,Detractor
S-00001097,156,2022-09-30,,,
S-00001098,166,2022-09-30,,,
S-00001099,168,2022-09-30,,,
S-00001100,183,2022-09-30,2022-10-07,5,Detractor
S-00001101,191,2022-09-30,,,
S-00001102,214,2022-09-30,2022-10-14,8,Passive
S-00001103,220,2022-09-30,,,
S-00001104,229,2022-09-30,,,
S-00001105,238,2022-09-30,2022-10-14,6,Detractor
S-00001106,239,2022-09-30,2022-10-07,8,Passive
S-00001107,242,2022-09-30,2022-10-13,10,Promoter
S-00001108,251,2022-09-30,,,
S-00001109,260,2022-09-30,2022-10-08,9,Promoter
S-00001110,265,2022-09-30,2022-09-30,8,Passive
S-00001111,279,2022-09-30,,,
S-00001112,296,2022-09-30,2022-10-09,8,Passive
S-00001113,298,2022-09-30,2022-10-10,9,Promoter
S-00001114,305,2022-09-30,2022-10-10,6,Detractor
S-00001115,308,2022-09-30,2022-10-13,9,Promoter
S-00001116,309,2022-09-30,2022-10-12,8,Passive
S-00001117,320,2022-09-30,2022-10-01,7,Passive
S-00001118,325,2022-09-30,2022-10-03,8,Passive
S-00001119,332,2022-09-30,2022-10-06,8,Passive
S-00001120,337,2022-09-30,,,
S-00001121,358,2022-09-30,2022-10-06,7,Passive
S-00001122,360,2022-09-30,2022-10-13,7,Passive
S-00001123,362,2022-09-30,,,
S-00001124,372,2022-09-30,,,
S-00001125,376,2022-09-30,2022-10-08,8,Passive
S-00001126,388,2022-09-30,2022-10-11,9,Promoter
S-00001127,389,2022-09-30,2022-10-03,7,Passive
S-00001128,406,2022-09-30,2022-09-30,10,Promoter
S-00001129,413,2022-09-30,2022-10-14,7,Passive
S-00001130,428,2022-09-30,,,
S-00001131,455,2022-09-30,2022-10-10,9,Promoter
S-00001132,457,2022-09-30,2022-10-08,10,Promoter
S-00001133,458,2022-09-30,2022-10-14,7,Passive
S-00001134,464,2022-09-30,2022-10-02,8,Passive
S-00001135,472,2022-09-30,2022-10-01,8,Passive
S-00001136,495,2022-09-30,,,
S-00001137,496,2022-09-30,,,
S-00001138,501,2022-09-30,,,
S-00001139,502,2022-09-30,,,
S-00001140,513,2022-09-30,2022-10-11,8,Passive
S-00001141,518,2022-09-30,,,
S-00001142,520,2022-09-30,,,
S-00001143,525,2022-09-30,2022-09-30,7,Passive
S-00001144,529,2022-09-30,2022-10-05,5,Detractor
S-00001145,530,2022-09-30,,,
S-00001146,536,2022-09-30,2022-10-02,8,Passive
S-00001147,547,2022-09-30,2022-10-13,10,Promoter
S-00001148,548,2022-09-30,,,
S-00001149,549,2022-09-30,,,
S-00001150,555,2022-09-30,,,
S-00001151,557,2022-09-30,,,
S-00001152,564,2022-09-30,2022-10-07,3,Detractor
S-00001153,566,2022-09-30,2022-10-01,10,Promoter
S-00001154,567,2022-09-30,2022-10-06,10,Promoter
S-00001155,570,2022-09-30,2022-10-07,2,Detractor
S-00001156,571,2022-09-30,,,
S-00001157,574,2022-09-30,2022-10-13,5,Detractor
S-00001158,577,2022-09-30,2022-10-06,0,Detractor
S-00001159,588,2022-09-30,2022-10-11,9,Promoter
S-00001160,596,2022-09-30,2022-10-13,8,Passive
S-00001161,601,2022-09-30,,,
S-00001162,609,2022-09-30,2022-09-30,9,Promoter
S-00001163,610,2022-09-30,2022-10-11,8,Passive
S-00001164,614,2022-09-30,,,
S-00001165,619,2022-09-30,,,
S-00001166,628,2022-09-30,2022-10-13,5,Detractor
S-00001167,629,2022-09-30,,,
S-00001168,631,2022-09-30,2022-10-12,10,Promoter
S-00001169,639,2022-09-30,2022-10-04,9,Promoter
S-00001170,643,2022-09-30,,,
S-00001171,645,2022-09-30,2022-10-03,7,Passive
S-00001172,654,2022-09-30,2022-10-12,7,Passive
S-00001173,659,2022-09-30,,,
S-00001174,665,2022-09-30,,,
S-00001175,668,2022-09-30,2022-10-12,10,Promoter
S-00001176,674,2022-09-30,,,
S-00001177,676,2022-09-30,,,
S-00001178,682,2022-09-30,,,
S-00001179,2,2022-12-31,,,
S-00001180,25,2022-12-31,2023-01-08,9,Promoter
S-00001181,27,2022-12-31,,,
S-00001182,33,2022-12-31,,,
S-00001183,43,2022-12-31,2023-01-07,8,Passive
S-00001184,44,2022-12-31,,,
S-00001185,46,2022-12-31,2023-01-06,9,Promoter
S-00001186,51,2022-12-31,,,
S-00001187,57,2022-12-31,2023-01-11,9,Promoter
S-00001188,60,2022-12-31,2023-01-13,8,Passive
S-00001189,61,2022-12-31,2022-12-31,9,Promoter
S-00001190,80,2022-12-31,2023-01-14,9,Promoter
S-00001191,86,2022-12-31,2023-01-02,7,Passive
S-00001192,91,2022-12-31,2023-01-01,6,Detractor
S-00001193,92,2022-12-31,2023-01-02,10,Promoter
S-00001194,108,2022-12-31,,,
S-00001195,113,2022-12-31,2023-01-14,5,Detractor
S-00001196,114,2022-12-31,,,
S-00001197,130,2022-12-31,,,
S-00001198,138,2022-12-31,2023-01-08,8,Passive
S-00001199,140,2022-12-31,2023-01-14,8,Passive
S-00001200,141,2022-12-31,2023-01-14,6,Detractor
S-00001201,142,2022-12-31,,,
S-00001202,153,2022-12-31,2023-01-01,3,Detractor
S-00001203,155,2022-12-31,2023-01-09,9,Promoter
S-00001204,157,2022-12-31,,,
S-00001205,160,2022-12-31,,,
S-00001206,170,2022-12-31,2023-01-10,8,Passive
S-00001207,174,2022-12-31,,,
S-00001208,180,2022-12-31,,,
S-00001209,181,2022-12-31,2023-01-13,10,Promoter
S-00001210,183,2022-12-31,2023-01-02,8,Passive
S-00001211,185,2022-12-31,2023-01-11,8,Passive
S-00001212,188,2022-12-31,2023-01-08,7,Passive
S-00001213,202,2022-12-31,2023-01-14,8,Passive
S-00001214,214,2022-12-31,,,
S-00001215,222,2022-12-31,2023-01-02,7,Passive
S-00001216,238,2022-12-31,2023-01-10,8,Passive
S-00001217,239,2022-12-31,2023-01-02,8,Passive
S-00001218,241,2022-12-31,2023-01-01,9,Promoter
S-00001219,246,2022-12-31,,,
S-00001220,256,2022-12-31,2023-01-05,9,Promoter
S-00001221,259,2022-12-31,,,
S-00001222,261,2022-12-31,2022-12-31,8,Passive
S-00001223,266,2022-12-31,2023-01-02,1,Detractor
S-00001224,273,2022-12-31,2023-01-13,8,Passive
S-00001225,277,2022-12-31,2023-01-07,10,Promoter
S-00001226,281,2022-12-31,2023-01-01,2,Detractor
S-00001227,299,2022-12-31,2023-01-06,9,Promoter
S-00001228,309,2022-12-31,2023-01-02,9,Promoter
S-00001229,315,2022-12-31,,,
S-00001230,320,2022-12-31,2023-01-10,6,Detractor
S-00001231,323,2022-12-31,2023-01-08,9,Promoter
S-00001232,333,2022-12-31,,,
S-00001233,334,2022-12-31,2023-01-12,7,Passive
S-00001234,344,2022-12-31,2023-01-11,7,Passive
S-00001235,349,2022-12-31,2023-01-10,5,Detractor
S-00001236,361,2022-12-31,,,
S-00001237,365,2022-12-31,2023-01-08,6,Detractor
S-00001238,369,2022-12-31,,,
S-00001239,372,2022-12-31,,,
S-00001240,380,2022-12-31,2023-01-09,8,Passive
S-00001241,389,2022-12-31,2022-12-31,3,Detractor
S-00001242,393,2022-12-31,,,
S-00001243,405,2022-12-31,,,
S-00001244,414,2022-12-31,,,
S-00001245,423,2022-12-31,,,
S-00001246,428,2022-12-31,,,
S-00001247,432,2022-12-31,,,
S-00001248,434,2022-12-31,,,
S-00001249,440,2022-12-31,,,
S-00001250,443,2022-12-31,,,
S-00001251,447,2022-12-31,2023-01-13,8,Passive
S-00001252,469,2022-12-31,2023-01-01,5,Detractor
S-00001253,485,2022-12-31,2023-01-05,6,Detractor
S-00001254,486,2022-12-31,2023-01-07,9,Promoter
S-00001255,489,2022-12-31,,,
S-00001256,493,2022-12-31,,,
S-00001257,494,2022-12-31,2023-01-07,5,Detractor
S-00001258,498,2022-12-31,,,
S-00001259,510,2022-12-31,,,
S-00001260,514,2022-12-31,2023-01-13,8,Passive
S-00001261,516,2022-12-31,,,
S-00001262,519,2022-12-31,,,
S-00001263,534,2022-12-31,,,
S-00001264,540,2022-12-31,,,
S-00001265,541,2022-12-31,,,
S-00001266,548,2022-12-31,2022-12-31,4,Detractor
S-00001267,556,2022-12-31,,,
S-00001268,557,2022-12-31,2023-01-03,4,Detractor
S-00001269,561,2022-12-31,,,
S-00001270,568,2022-12-31,,,
S-00001271,577,2022-12-31,,,
S-00001272,580,2022-12-31,,,
S-00001273,592,2022-12-31,,,
S-00001274,598,2022-12-31,2023-01-14,9,Promoter
S-00001275,600,2022-12-31,,,
S-00001276,601,2022-12-31,,,
S-00001277,602,2022-12-31,2023-01-01,9,Promoter
S-00001278,607,2022-12-31,,,
S-00001279,608,2022-12-31,2023-01-08,8,Passive
S-00001280,616,2022-12-31,,,
S-00001281,620,2022-12-31,,,
S-00001282,622,2022-12-31,2023-01-09,1,Detractor
S-00001283,623,2022-12-31,,,
S-00001284,625,2022-12-31,,,
S-00001285,626,2022-12-31,2023-01-11,3,Detractor
S-00001286,628,2022-12-31,,,
S-00001287,643,2022-12-31,2023-01-08,10,Promoter
S-00001288,644,2022-12-31,,,
S-00001289,647,2022-12-31,,,
S-00001290,683,2022-12-31,2023-01-10,8,Passive
S-00001291,685,2022-12-31,,,
S-00001292,686,2022-12-31,,,
S-00001293,691,2022-12-31,2023-01-06,8,Passive
S-00001294,702,2022-12-31,,,
S-00001295,709,2022-12-31,,,
S-00001296,710,2022-12-31,,,
S-00001297,714,2022-12-31,2023-01-07,9,Promoter
S-00001298,722,2022-12-31,,,
S-00001299,724,2022-12-31,2023-01-11,9,Promoter
S-00001300,8,2023-03-31,2023-04-01,10,Promoter
S-00001301,15,2023-03-31,2023-04-04,9,Promoter
S-00001302,20,2023-03-31,2023-04-06,7,Passive
S-00001303,21,2023-03-31,2023-04-04,10,Promoter
S-00001304,39,2023-03-31,2023-03-31,6,Detractor
S-00001305,68,2023-03-31,2023-04-12,10,Promoter
S-00001306,74,2023-03-31,2023-04-14,8,Passive
S-00001307,76,2023-03-31,,,
S-00001308,86,2023-03-31,2023-04-01,7,Passive
S-00001309,107,2023-03-31,2023-04-12,10,Promoter
S-00001310,136,2023-03-31,2023-04-11,9,Promoter
S-00001311,140,2023-03-31,,,
S-00001312,157,2023-03-31,2023-04-07,10,Promoter
S-00001313,170,2023-03-31,2023-04-07,4,Detractor
S-00001314,175,2023-03-31,2023-04-07,6,Detractor
S-00001315,182,2023-03-31,2023-04-01,10,Promoter
S-00001316,210,2023-03-31,2023-04-13,8,Passive
S-00001317,213,2023-03-31,,,
S-00001318,222,2023-03-31,2023-03-31,9,Promoter
S-00001319,233,2023-03-31,,,
S-00001320,244,2023-03-31,,,
S-00001321,251,2023-03-31,,,
S-00001322,271,2023-03-31,,,
S-00001323,281,2023-03-31,,,
S-00001324,288,2023-03-31,2023-04-14,9,Promoter
S-00001325,291,2023-03-31,2023-04-01,8,Passive
S-00001326,305,2023-03-31,2023-04-03,10,Promoter
S-00001327,314,2023-03-31,2023-04-14,6,Detractor
S-00001328,320,2023-03-31,2023-04-06,9,Promoter
S-00001329,331,2023-03-31,2023-04-08,9,Promoter
S-00001330,332,2023-03-31,2023-04-14,6,Detractor
S-00001331,340,2023-03-31,,,
S-00001332,341,2023-03-31,,,
S-00001333,349,2023-03-31,2023-04-02,5,Detractor
S-00001334,352,2023-03-31,2023-04-01,5,Detractor
S-00001335,363,2023-03-31,,,
S-00001336,365,2023-03-31,2023-04-04,6,Detractor
S-00001337,372,2023-03-31,,,
S-00001338,380,2023-03-31,,,
S-00001339,399,2023-03-31,2023-04-13,10,Promoter
S-00001340,409,2023-03-31,2023-04-01,9,Promoter
S-00001341,427,2023-03-31,,,
S-00001342,429,2023-03-31,,,
S-00001343,432,2023-03-31,2023-04-03,7,Passive
S-00001344,444,2023-03-31,,,
S-00001345,446,2023-03-31,,,
S-00001346,460,2023-03-31,,,
S-00001347,463,2023-03-31,,,
S-00001348,470,2023-03-31,2023-04-11,7,Passive
S-00001349,483,2023-03-31,2023-04-03,9,Promoter
S-00001350,489,2023-03-31,,,
S-00001351,495,2023-03-31,2023-04-10,6,Detractor
S-00001352,497,2023-03-31,2023-04-01,10,Promoter
S-00001353,498,2023-03-31,,,
S-00001354,513,2023-03-31,2023-04-05,7,Passive
S-00001355,517,2023-03-31,,,
S-00001356,520,2023-03-31,2023-04-13,6,Detractor
S-00001357,522,2023-03-31,2023-04-14,4,Detractor
S-00001358,529,2023-03-31,2023-04-09,4,Detractor
S-00001359,533,2023-03-31,,,
S-00001360,546,2023-03-31,,,
S-00001361,554,2023-03-31,,,
S-00001362,560,2023-03-31,2023-04-04,5,Detractor
S-00001363,561,2023-03-31,2023-04-10,10,Promoter
S-00001364,562,2023-03-31,2023-04-01,10,Promoter
S-00001365,572,2023-03-31,2023-04-12,7,Passive
S-00001366,577,2023-03-31,,,
S-00001367,583,2023-03-31,,,
S-00001368,588,2023-03-31,2023-04-07,8,Passive
S-00001369,601,2023-03-31,,,
S-00001370,603,2023-03-31,2023-04-04,10,Promoter
S-00001371,604,2023-03-31,,,
S-00001372,610,2023-03-31,2023-03-31,8,Passive
S-00001373,628,2023-03-31,,,
S-00001374,629,2023-03-31,,,
S-00001375,630,2023-03-31,,,
S-00001376,632,2023-03-31,2023-04-08,8,Passive
S-00001377,637,2023-03-31,,,
S-00001378,643,2023-03-31,2023-04-08,7,Passive
S-00001379,653,2023-03-31,,,
S-00001380,665,2023-03-31,2023-04-10,6,Detractor
S-00001381,669,2023-03-31,,,
S-00001382,671,2023-03-31,,,
S-00001383,682,2023-03-31,,,
S-00001384,689,2023-03-31,,,
S-00001385,692,2023-03-31,,,
S-00001386,702,2023-03-31,2023-04-09,5,Detractor
S-00001387,703,2023-03-31,,,
S-00001388,706,2023-03-31,2023-04-13,9,Promoter
S-00001389,709,2023-03-31,,,
S-00001390,714,2023-03-31,,,
S-00001391,716,2023-03-31,,,
S-00001392,718,2023-03-31,,,
S-00001393,721,2023-03-31,2023-04-03,8,Passive
S-00001394,724,2023-03-31,2023-04-11,9,Promoter
S-00001395,733,2023-03-31,2023-04-10,8,Passive
S-00001396,735,2023-03-31,,,
S-00001397,736,2023-03-31,,,
S-00001398,738,2023-03-31,,,
S-00001399,739,2023-03-31,2023-04-07,8,Passive
S-00001400,742,2023-03-31,2023-04-04,5,Detractor
S-00001401,7,2023-06-30,2023-07-11,10,Promoter
S-00001402,15,2023-06-30,2023-07-09,8,Passive
S-00001403,20,2023-06-30,2023-06-30,8,Passive
S-00001404,25,2023-06-30,,,
S-00001405,41,2023-06-30,2023-07-09,4,Detractor
S-00001406,43,2023-06-30,,,
S-00001407,52,2023-06-30,2023-07-03,7,Passive
S-00001408,60,2023-06-30,2023-07-01,10,Promoter
S-00001409,68,2023-06-30,2023-07-02,10,Promoter
S-00001410,73,2023-06-30,2023-07-04,10,Promoter
S-00001411,74,2023-06-30,2023-07-12,10,Promoter
S-00001412,76,2023-06-30,2023-07-09,9,Promoter
S-00001413,77,2023-06-30,2023-07-02,6,Detractor
S-00001414,93,2023-06-30,2023-07-12,3,Detractor
S-00001415,99,2023-06-30,2023-07-05,9,Promoter
S-00001416,129,2023-06-30,,,
S-00001417,147,2023-06-30,,,
S-00001418,149,2023-06-30,2023-07-08,7,Passive
S-00001419,168,2023-06-30,2023-07-05,7,Passive
S-00001420,180,2023-06-30,2023-07-11,8,Passive
S-00001421,186,2023-06-30,,,
S-00001422,211,2023-06-30,2023-06-30,10,Promoter
S-00001423,212,2023-06-30,2023-07-03,4,Detractor
S-00001424,213,2023-06-30,,,
S-00001425,214,2023-06-30,2023-07-08,10,Promoter
S-00001426,235,2023-06-30,2023-07-04,5,Detractor
S-00001427,280,2023-06-30,2023-07-12,10,Promoter
S-00001428,283,2023-06-30,,,
S-00001429,290,2023-06-30,2023-07-09,8,Passive
S-00001430,291,2023-06-30,2023-07-03,10,Promoter
S-00001431,300,2023-06-30,,,
S-00001432,305,2023-06-30,2023-07-14,8,Passive
S-00001433,309,2023-06-30,2023-07-13,8,Passive
S-00001434,321,2023-06-30,2023-07-01,6,Detractor
S-00001435,333,2023-06-30,,,
S-00001436,339,2023-06-30,2023-07-06,10,Promoter
S-00001437,349,2023-06-30,,,
S-00001438,350,2023-06-30,,,
S-00001439,366,2023-06-30,,,
S-00001440,369,2023-06-30,2023-07-04,7,Passive
S-00001441,372,2023-06-30,,,
S-00001442,374,2023-06-30,2023-07-14,10,Promoter
S-00001443,385,2023-06-30,,,
S-00001444,407,2023-06-30,2023-07-09,9,Promoter
S-00001445,411,2023-06-30,,,
S-00001446,417,2023-06-30,2023-07-06,10,Promoter
S-00001447,420,2023-06-30,2023-07-11,9,Promoter
S-00001448,429,2023-06-30,2023-07-06,10,Promoter
S-00001449,458,2023-06-30,,,
S-00001450,464,2023-06-30,2023-07-13,7,Passive
S-00001451,470,2023-06-30,2023-07-06,10,Promoter
S-00001452,483,2023-06-30,2023-07-06,9,Promoter
S-00001453,485,2023-06-30,,,
S-00001454,489,2023-06-30,,,
S-00001455,502,2023-06-30,2023-07-08,8,Passive
S-00001456,503,2023-06-30,2023-07-12,2,Detractor
S-00001457,514,2023-06-30,2023-06-30,10,Promoter
S-00001458,532,2023-06-30,,,
S-00001459,544,2023-06-30,,,
S-00001460,548,2023-06-30,2023-07-13,10,Promoter
S-00001461,556,2023-06-30,2023-06-30,7,Passive
S-00001462,572,2023-06-30,2023-07-04,6,Detractor
S-00001463,574,2023-06-30,,,
S-00001464,583,2023-06-30,2023-07-08,7,Passive
S-00001465,590,2023-06-30,,,
S-00001466,593,2023-06-30,2023-07-06,8,Passive
S-00001467,608,2023-06-30,2023-07-13,10,Promoter
S-00001468,610,2023-06-30,,,
S-00001469,613,2023-06-30,,,
S-00001470,619,2023-06-30,2023-07-14,4,Detractor
S-00001471,624,2023-06-30,2023-07-01,6,Detractor
S-00001472,649,2023-06-30,2023-07-08,9,Promoter
S-00001473,657,2023-06-30,,,
S-00001474,659,2023-06-30,,,
S-00001475,660,2023-06-30,,,
S-00001476,661,2023-06-30,,,
S-00001477,662,2023-06-30,,,
S-00001478,678,2023-06-30,,,
S-00001479,691,2023-06-30,,,
S-00001480,699,2023-06-30,2023-07-11,5,Detractor
S-00001481,703,2023-06-30,2023-07-11,7,Passive
S-00001482,707,2023-06-30,,,
S-00001483,710,2023-06-30,,,
S-00001484,711,2023-06-30,,,
S-00001485,724,2023-06-30,2023-07-01,10,Promoter
S-00001486,735,2023-06-30,2023-07-04,2,Detractor
S-00001487,736,2023-06-30,2023-07-01,10,Promoter
S-00001488,749,2023-06-30,,,
S-00001489,757,2023-06-30,2023-07-11,6,Detractor
S-00001490,760,2023-06-30,,,
S-00001491,761,2023-06-30,,,
S-00001492,772,2023-06-30,2023-07-03,8,Passive
S-00001493,773,2023-06-30,,,
S-00001494,775,2023-06-30,2023-07-07,9,Promoter
S-00001495,5,2023-09-30,,,
S-00001496,7,2023-09-30,2023-10-10,8,Passive
S-00001497,10,2023-09-30,2023-10-02,7,Passive
S-00001498,25,2023-09-30,2023-10-13,7,Passive
S-00001499,27,2023-09-30,,,
S-00001500,29,2023-09-30,,,
S-00001501,37,2023-09-30,2023-10-05,8,Passive
S-00001502,46,2023-09-30,2023-10-05,8,Passive
S-00001503,60,2023-09-30,,,
S-00001504,73,2023-09-30,2023-10-03,10,Promoter
S-00001505,91,2023-09-30,2023-10-01,7,Passive
S-00001506,92,2023-09-30,2023-10-04,8,Passive
S-00001507,112,2023-09-30,2023-10-09,7,Passive
S-00001508,119,2023-09-30,2023-10-12,4,Detractor
S-00001509,129,2023-09-30,,,
S-00001510,137,2023-09-30,,,
S-00001511,153,2023-09-30,2023-10-04,6,Detractor
S-00001512,166,2023-09-30,2023-10-13,9,Promoter
S-00001513,174,2023-09-30,2023-10-09,10,Promoter
S-00001514,186,2023-09-30,2023-10-11,8,Passive
S-00001515,197,2023-09-30,,,
S-00001516,224,2023-09-30,,,
S-00001517,227,2023-09-30,2023-10-11,9,Promoter
S-00001518,239,2023-09-30,,,
S-00001519,242,2023-09-30,,,
S-00001520,257,2023-09-30,2023-10-14,5,Detractor
S-00001521,260,2023-09-30,2023-10-14,9,Promoter
S-00001522,265,2023-09-30,,,
S-00001523,272,2023-09-30,,,
S-00001524,273,2023-09-30,2023-10-04,7,Passive
S-00001525,278,2023-09-30,,,
S-00001526,281,2023-09-30,,,
S-00001527,286,2023-09-30,,,
S-00001528,306,2023-09-30,2023-10-11,9,Promoter
S-00001529,326,2023-09-30,2023-10-01,6,Detractor
S-00001530,331,2023-09-30,2023-10-11,9,Promoter
S-00001531,345,2023-09-30,,,
S-00001532,354,2023-09-30,2023-10-02,7,Passive
S-00001533,355,2023-09-30,,,
S-00001534,363,2023-09-30,2023-10-13,6,Detractor
S-00001535,369,2023-09-30,,,
S-00001536,371,2023-09-30,,,
S-00001537,399,2023-09-30,2023-10-02,7,Passive
S-00001538,400,2023-09-30,,,
S-00001539,411,2023-09-30,,,
S-00001540,414,2023-09-30,2023-09-30,7,Passive
S-00001541,417,2023-09-30,2023-10-06,7,Passive
S-00001542,420,2023-09-30,2023-10-12,8,Passive
S-00001543,434,2023-09-30,,,
S-00001544,444,2023-09-30,,,
S-00001545,445,2023-09-30,2023-10-10,10,Promoter
S-00001546,450,2023-09-30,2023-10-02,3,Detractor
S-00001547,454,2023-09-30,2023-10-07,7,Passive
S-00001548,458,2023-09-30,2023-10-06,7,Passive
S-00001549,465,2023-09-30,2023-09-30,7,Passive
S-00001550,476,2023-09-30,,,
S-00001551,490,2023-09-30,2023-10-09,7,Passive
S-00001552,491,2023-09-30,,,
S-00001553,495,2023-09-30,,,
S-00001554,498,2023-09-30,,,
S-00001555,510,2023-09-30,2023-10-12,9,Promoter
S-00001556,514,2023-09-30,2023-10-02,10,Promoter
S-00001557,539,2023-09-30,2023-10-02,4,Detractor
S-00001558,542,2023-09-30,,,
S-00001559,543,2023-09-30,,,
S-00001560,553,2023-09-30,,,
S-00001561,567,2023-09-30,2023-10-08,10,Promoter
S-00001562,570,2023-09-30,,,
S-00001563,575,2023-09-30,2023-10-10,9,Promoter
S-00001564,585,2023-09-30,,,
S-00001565,588,2023-09-30,2023-10-02,7,Passive
S-00001566,595,2023-09-30,,,
S-00001567,599,2023-09-30,2023-10-14,9,Promoter
S-00001568,600,2023-09-30,2023-10-03,10,Promoter
S-00001569,610,2023-09-30,,,
S-00001570,615,2023-09-30,,,
S-00001571,616,2023-09-30,,,
S-00001572,637,2023-09-30,2023-10-10,6,Detractor
S-00001573,638,2023-09-30,2023-10-13,9,Promoter
S-00001574,639,2023-09-30,,,
S-00001575,649,2023-09-30,,,
S-00001576,658,2023-09-30,2023-10-08,7,Passive
S-00001577,659,2023-09-30,,,
S-00001578,660,2023-09-30,,,
S-00001579,683,2023-09-30,,,
S-00001580,688,2023-09-30,,,
S-00001581,692,2023-09-30,2023-10-03,4,Detractor
S-00001582,699,2023-09-30,2023-10-10,4,Detractor
S-00001583,703,2023-09-30,,,
S-00001584,707,2023-09-30,,,
S-00001585,711,2023-09-30,,,
S-00001586,713,2023-09-30,2023-10-04,8,Passive
S-00001587,724,2023-09-30,,,
S-00001588,727,2023-09-30,2023-10-01,7,Passive
S-00001589,736,2023-09-30,2023-10-04,8,Passive
S-00001590,743,2023-09-30,,,
S-00001591,746,2023-09-30,2023-10-09,9,Promoter
S-00001592,751,2023-09-30,2023-10-11,7,Passive
S-00001593,754,2023-09-30,,,
S-00001594,761,2023-09-30,,,
S-00001595,763,2023-09-30,2023-10-13,10,Promoter
S-00001596,769,2023-09-30,,,
S-00001597,771,2023-09-30,2023-10-02,6,Detractor
S-00001598,794,2023-09-30,,,
S-00001599,799,2023-09-30,2023-10-14,10,Promoter
S-00001600,803,2023-09-30,,,
S-00001601,809,2023-09-30,,,
S-00001602,814,2023-09-30,,,
S-00001603,820,2023-09-30,,,
S-00001604,8,2023-12-31,2024-01-03,10,Promoter
S-00001605,19,2023-12-31,2024-01-02,8,Passive
S-00001606,20,2023-12-31,2024-01-14,10,Promoter
S-00001607,22,2023-12-31,2024-01-12,10,Promoter
S-00001608,25,2023-12-31,2024-01-02,8,Passive
S-00001609,32,2023-12-31,2024-01-13,9,Promoter
S-00001610,33,2023-12-31,,,
S-00001611,39,2023-12-31,2024-01-09,7,Passive
S-00001612,41,2023-12-31,2024-01-06,4,Detractor
S-00001613,52,2023-12-31,2024-01-08,9,Promoter
S-00001614,54,2023-12-31,,,
S-00001615,79,2023-12-31,2024-01-08,9,Promoter
S-00001616,80,2023-12-31,2024-01-09,7,Passive
S-00001617,87,2023-12-31,2024-01-13,9,Promoter
S-00001618,93,2023-12-31,,,
S-00001619,107,2023-12-31,2024-01-06,10,Promoter
S-00001620,110,2023-12-31,2024-01-06,7,Passive
S-00001621,115,2023-12-31,2024-01-03,10,Promoter
S-00001622,116,2023-12-31,2024-01-03,9,Promoter
S-00001623,126,2023-12-31,2024-01-04,8,Passive
S-00001624,138,2023-12-31,2024-01-04,9,Promoter
S-00001625,162,2023-12-31,,,
S-00001626,180,2023-12-31,2024-01-01,9,Promoter
S-00001627,181,2023-12-31,,,
S-00001628,188,2023-12-31,2024-01-10,4,Detractor
S-00001629,191,2023-12-31,2024-01-01,8,Passive
S-00001630,202,2023-12-31,2024-01-03,10,Promoter
S-00001631,214,2023-12-31,,,
S-00001632,222,2023-12-31,,,
S-00001633,242,2023-12-31,,,
S-00001634,257,2023-12-31,2023-12-31,9,Promoter
S-00001635,270,2023-12-31,2024-01-01,6,Detractor
S-00001636,288,2023-12-31,,,
S-00001637,291,2023-12-31,2024-01-05,7,Passive
S-00001638,297,2023-12-31,2024-01-08,9,Promoter
S-00001639,298,2023-12-31,2024-01-09,10,Promoter
S-00001640,314,2023-12-31,2023-12-31,8,Passive
S-00001641,320,2023-12-31,,,
S-00001642,323,2023-12-31,,,
S-00001643,333,2023-12-31,2024-01-01,6,Detractor
S-00001644,338,2023-12-31,2024-01-06,9,Promoter
S-00001645,340,2023-12-31,,,
S-00001646,349,2023-12-31,2024-01-05,8,Passive
S-00001647,352,2023-12-31,2024-01-12,3,Detractor
S-00001648,364,2023-12-31,2024-01-02,10,Promoter
S-00001649,377,2023-12-31,2024-01-08,7,Passive
S-00001650,399,2023-12-31,2024-01-13,9,Promoter
S-00001651,407,2023-12-31,2024-01-10,6,Detractor
S-00001652,408,2023-12-31,2024-01-14,10,Promoter
S-00001653,424,2023-12-31,2023-12-31,9,Promoter
S-00001654,432,2023-12-31,,,
S-00001655,434,2023-12-31,,,
S-00001656,443,2023-12-31,,,
S-00001657,445,2023-12-31,2024-01-07,7,Passive
S-00001658,447,2023-12-31,2024-01-05,9,Promoter
S-00001659,451,2023-12-31,,,
S-00001660,454,2023-12-31,2024-01-11,8,Passive
S-00001661,457,2023-12-31,,,
S-00001662,472,2023-12-31,,,
S-00001663,490,2023-12-31,2024-01-10,10,Promoter
S-00001664,498,2023-12-31,2024-01-11,9,Promoter
S-00001665,502,2023-12-31,2024-01-13,9,Promoter
S-00001666,513,2023-12-31,2024-01-04,7,Passive
S-00001667,518,2023-12-31,,,
S-00001668,526,2023-12-31,,,
S-00001669,534,2023-12-31,2024-01-10,4,Detractor
S-00001670,538,2023-12-31,,,
S-00001671,541,2023-12-31,2024-01-10,8,Passive
S-00001672,544,2023-12-31,2023-12-31,9,Promoter
S-00001673,567,2023-12-31,2024-01-10,8,Passive
S-00001674,571,2023-12-31,2024-01-09,5,Detractor
S-00001675,590,2023-12-31,,,
S-00001676,591,2023-12-31,,,
S-00001677,592,2023-12-31,2024-01-02,8,Passive
S-00001678,598,2023-12-31,2024-01-04,10,Promoter
S-00001679,606,2023-12-31,,,
S-00001680,607,2023-12-31,2024-01-12,8,Passive
S-00001681,612,2023-12-31,,,
S-00001682,613,2023-12-31,2024-01-12,8,Passive
S-00001683,614,2023-12-31,,,
S-00001684,615,2023-12-31,2024-01-14,8,Passive
S-00001685,616,2023-12-31,2024-01-04,10,Promoter
S-00001686,628,2023-12-31,,,
S-00001687,629,2023-12-31,,,
S-00001688,648,2023-12-31,2024-01-14,9,Promoter
S-00001689,651,2023-12-31,2024-01-07,9,Promoter
S-00001690,657,2023-12-31,2023-12-31,8,Passive
S-00001691,668,2023-12-31,2024-01-03,9,Promoter
S-00001692,690,2023-12-31,2023-12-31,8,Passive
S-00001693,694,2023-12-31,,,
S-00001694,695,2023-12-31,,,
S-00001695,702,2023-12-31,,,
S-00001696,704,2023-12-31,,,
S-00001697,712,2023-12-31,2024-01-06,7,Passive
S-00001698,719,2023-12-31,,,
S-00001699,728,2023-12-31,,,
S-00001700,729,2023-12-31,,,
S-00001701,731,2023-12-31,,,
S-00001702,739,2023-12-31,2024-01-12,7,Passive
S-00001703,744,2023-12-31,2023-12-31,8,Passive
S-00001704,746,2023-12-31,2024-01-02,7,Passive
S-00001705,747,2023-12-31,,,
S-00001706,757,2023-12-31,,,
S-00001707,758,2023-12-31,2024-01-04,2,Detractor
S-00001708,766,2023-12-31,,,
S-00001709,767,2023-12-31,2024-01-12,9,Promoter
S-00001710,769,2023-12-31,2024-01-10,10,Promoter
S-00001711,775,2023-12-31,,,
S-00001712,783,2023-12-31,,,
S-00001713,784,2023-12-31,2024-01-14,4,Detractor
S-00001714,799,2023-12-31,,,
S-00001715,804,2023-12-31,2024-01-04,8,Passive
S-00001716,811,2023-12-31,,,
S-00001717,818,2023-12-31,,,
S-00001718,828,2023-12-31,,,
S-00001719,835,2023-12-31,,,
S-00001720,844,2023-12-31,2024-01-05,7,Passive
S-00001721,8,2024-03-31,,,
S-00001722,10,2024-03-31,2024-04-04,7,Passive
S-00001723,12,2024-03-31,2024-04-09,6,Detractor
S-00001724,15,2024-03-31,2024-03-31,8,Passive
S-00001725,25,2024-03-31,2024-04-07,9,Promoter
S-00001726,34,2024-03-31,2024-04-01,7,Passive
S-00001727,37,2024-03-31,2024-04-02,10,Promoter
S-00001728,57,2024-03-31,2024-04-12,8,Passive
S-00001729,60,2024-03-31,2024-04-09,9,Promoter
S-00001730,64,2024-03-31,2024-04-14,7,Passive
S-00001731,86,2024-03-31,,,
S-00001732,98,2024-03-31,,,
S-00001733,106,2024-03-31,,,
S-00001734,108,2024-03-31,2024-04-05,2,Detractor
S-00001735,113,2024-03-31,2024-04-06,6,Detractor
S-00001736,115,2024-03-31,2024-04-09,9,Promoter
S-00001737,116,2024-03-31,2024-04-08,10,Promoter
S-00001738,129,2024-03-31,,,
S-00001739,133,2024-03-31,,,
S-00001740,150,2024-03-31,2024-04-03,2,Detractor
S-00001741,154,2024-03-31,2024-04-08,9,Promoter
S-00001742,156,2024-03-31,2024-04-12,8,Passive
S-00001743,162,2024-03-31,,,
S-00001744,185,2024-03-31,2024-04-07,8,Passive
S-00001745,202,2024-03-31,2024-04-06,7,Passive
S-00001746,211,2024-03-31,2024-03-31,8,Passive
S-00001747,213,2024-03-31,2024-04-04,8,Passive
S-00001748,222,2024-03-31,2024-04-07,6,Detractor
S-00001749,224,2024-03-31,,,
S-00001750,238,2024-03-31,2024-04-09,6,Detractor
S-00001751,241,2024-03-31,,,
S-00001752,249,2024-03-31,2024-04-11,8,Passive
S-00001753,251,2024-03-31,,,
S-00001754,267,2024-03-31,2024-04-01,9,Promoter
S-00001755,284,2024-03-31,,,
S-00001756,305,2024-03-31,2024-04-10,6,Detractor
S-00001757,308,2024-03-31,2024-04-11,7,Passive
S-00001758,315,2024-03-31,2024-04-14,8,Passive
S-00001759,316,2024-03-31,,,
S-00001760,331,2024-03-31,2024-04-02,6,Detractor
S-00001761,339,2024-03-31,2024-04-01,9,Promoter
S-00001762,349,2024-03-31,,,
S-00001763,354,2024-03-31,,,
S-00001764,363,2024-03-31,2024-04-10,9,Promoter
S-00001765,364,2024-03-31,2024-04-03,8,Passive
S-00001766,388,2024-03-31,2024-04-07,7,Passive
S-00001767,393,2024-03-31,,,
S-00001768,399,2024-03-31,,,
S-00001769,417,2024-03-31,,,
S-00001770,418,2024-03-31,,,
S-00001771,420,2024-03-31,,,
S-00001772,424,2024-03-31,2024-04-07,8,Passive
S-00001773,432,2024-03-31,,,
S-00001774,452,2024-03-31,,,
S-00001775,454,2024-03-31,,,
S-00001776,460,2024-03-31,,,
S-00001777,470,2024-03-31,,,
S-00001778,482,2024-03-31,,,
S-00001779,495,2024-03-31,,,
S-00001780,510,2024-03-31,2024-03-31,10,Promoter
S-00001781,512,2024-03-31,,,
S-00001782,516,2024-03-31,,,
S-00001783,519,2024-03-31,,,
S-00001784,522,2024-03-31,2024-04-03,4,Detractor
S-00001785,526,2024-03-31,2024-04-03,10,Promoter
S-00001786,545,2024-03-31,2024-04-10,6,Detractor
S-00001787,547,2024-03-31,2024-04-10,9,Promoter
S-00001788,560,2024-03-31,,,
S-00001789,564,2024-03-31,,,
S-00001790,570,2024-03-31,,,
S-00001791,580,2024-03-31,,,
S-00001792,588,2024-03-31,2024-04-02,8,Passive
S-00001793,589,2024-03-31,2024-04-08,8,Passive
S-00001794,592,2024-03-31,,,
S-00001795,596,2024-03-31,,,
S-00001796,598,2024-03-31,2024-04-10,9,Promoter
S-00001797,600,2024-03-31,2024-04-06,7,Passive
S-00001798,601,2024-03-31,,,
S-00001799,602,2024-03-31,2024-04-14,10,Promoter
S-00001800,604,2024-03-31,2024-04-04,10,Promoter
S-00001801,606,2024-03-31,2024-04-12,9,Promoter
S-00001802,615,2024-03-31,,,
S-00001803,625,2024-03-31,2024-04-02,7,Passive
S-00001804,628,2024-03-31,,,
S-00001805,629,2024-03-31,2024-04-03,9,Promoter
S-00001806,642,2024-03-31,,,
S-00001807,649,2024-03-31,,,
S-00001808,654,2024-03-31,2024-04-03,8,Passive
S-00001809,655,2024-03-31,,,
S-00001810,656,2024-03-31,2024-04-01,7,Passive
S-00001811,658,2024-03-31,2024-04-03,4,Detractor
S-00001812,675,2024-03-31,,,
S-00001813,678,2024-03-31,2024-04-14,7,Passive
S-00001814,683,2024-03-31,2024-04-13,10,Promoter
S-00001815,687,2024-03-31,,,
S-00001816,688,2024-03-31,2024-04-01,5,Detractor
S-00001817,689,2024-03-31,,,
S-00001818,690,2024-03-31,,,
S-00001819,695,2024-03-31,2024-04-07,9,Promoter
S-00001820,703,2024-03-31,2024-04-08,7,Passive
S-00001821,708,2024-03-31,,,
S-00001822,713,2024-03-31,2024-03-31,10,Promoter
S-00001823,716,2024-03-31,,,
S-00001824,724,2024-03-31,2024-04-12,10,Promoter
S-00001825,730,2024-03-31,2024-04-11,9,Promoter
S-00001826,731,2024-03-31,,,
S-00001827,742,2024-03-31,,,
S-00001828,744,2024-03-31,,,
S-00001829,746,2024-03-31,2024-04-07,5,Detractor
S-00001830,747,2024-03-31,,,
S-00001831,748,2024-03-31,2024-04-07,4,Detractor
S-00001832,749,2024-03-31,2024-04-13,9,Promoter
S-00001833,754,2024-03-31,,,
S-00001834,761,2024-03-31,2024-04-02,7,Passive
S-00001835,763,2024-03-31,2024-04-13,9,Promoter
S-00001836,772,2024-03-31,2024-04-03,6,Detractor
S-00001837,773,2024-03-31,,,
S-00001838,774,2024-03-31,,,
S-00001839,786,2024-03-31,,,
S-00001840,788,2024-03-31,,,
S-00001841,794,2024-03-31,2024-04-07,6,Detractor
S-00001842,797,2024-03-31,,,
S-00001843,806,2024-03-31,2024-04-03,2,Detractor
S-00001844,811,2024-03-31,,,
S-00001845,814,2024-03-31,2024-04-06,8,Passive
S-00001846,822,2024-03-31,2024-04-12,10,Promoter
S-00001847,826,2024-03-31,,,
S-00001848,829,2024-03-31,2024-04-06,7,Passive
S-00001849,830,2024-03-31,,,
S-00001850,832,2024-03-31,2024-04-13,9,Promoter
S-00001851,840,2024-03-31,,,
S-00001852,852,2024-03-31,2024-04-11,9,Promoter
S-00001853,855,2024-03-31,2024-04-12,9,Promoter
S-00001854,861,2024-03-31,,,
S-00001855,866,2024-03-31,2024-04-03,9,Promoter
S-00001856,2,2024-06-30,2024-07-14,8,Passive
S-00001857,7,2024-06-30,,,
S-00001858,20,2024-06-30,2024-07-13,8,Passive
S-00001859,27,2024-06-30,,,
S-00001860,40,2024-06-30,,,
S-00001861,64,2024-06-30,,,
S-00001862,77,2024-06-30,2024-07-08,10,Promoter
S-00001863,98,2024-06-30,,,
S-00001864,106,2024-06-30,2024-07-10,8,Passive
S-00001865,137,2024-06-30,,,
S-00001866,156,2024-06-30,2024-07-07,10,Promoter
S-00001867,157,2024-06-30,,,
S-00001868,162,2024-06-30,2024-07-04,9,Promoter
S-00001869,179,2024-06-30,2024-07-14,9,Promoter
S-00001870,181,2024-06-30,2024-06-30,7,Passive
S-00001871,202,2024-06-30,2024-06-30,9,Promoter
S-00001872,210,2024-06-30,,,
S-00001873,225,2024-06-30,2024-07-06,9,Promoter
S-00001874,238,2024-06-30,,,
S-00001875,241,2024-06-30,2024-07-04,9,Promoter
S-00001876,245,2024-06-30,2024-07-14,8,Passive
S-00001877,273,2024-06-30,,,
S-00001878,291,2024-06-30,,,
S-00001879,308,2024-06-30,2024-07-11,7,Passive
S-00001880,339,2024-06-30,,,
S-00001881,341,2024-06-30,,,
S-00001882,344,2024-06-30,2024-07-08,8,Passive
S-00001883,345,2024-06-30,,,
S-00001884,354,2024-06-30,2024-07-10,5,Detractor
S-00001885,363,2024-06-30,,,
S-00001886,388,2024-06-30,2024-07-03,9,Promoter
S-00001887,407,2024-06-30,2024-06-30,9,Promoter
S-00001888,408,2024-06-30,,,
S-00001889,413,2024-06-30,2024-07-12,6,Detractor
S-00001890,414,2024-06-30,,,
S-00001891,419,2024-06-30,,,
S-00001892,420,2024-06-30,2024-07-06,10,Promoter
S-00001893,424,2024-06-30,2024-07-10,6,Detractor
S-00001894,425,2024-06-30,2024-07-04,8,Passive
S-00001895,429,2024-06-30,,,
S-00001896,432,2024-06-30,2024-07-02,10,Promoter
S-00001897,440,2024-06-30,2024-07-05,10,Promoter
S-00001898,442,2024-06-30,2024-07-08,8,Passive
S-00001899,445,2024-06-30,2024-07-02,8,Passive
S-00001900,446,2024-06-30,2024-07-12,7,Passive
S-00001901,462,2024-06-30,,,
S-00001902,464,2024-06-30,,,
S-00001903,468,2024-06-30,,,
S-00001904,472,2024-06-30,2024-07-14,8,Passive
S-00001905,491,2024-06-30,,,
S-00001906,495,2024-06-30,,,
S-00001907,509,2024-06-30,,,
S-00001908,535,2024-06-30,,,
S-00001909,541,2024-06-30,,,
S-00001910,555,2024-06-30,,,
S-00001911,567,2024-06-30,2024-07-09,10,Promoter
S-00001912,572,2024-06-30,2024-07-07,8,Passive
S-00001913,583,2024-06-30,,,
S-00001914,587,2024-06-30,,,
S-00001915,588,2024-06-30,2024-06-30,9,Promoter
S-00001916,590,2024-06-30,,,
S-00001917,591,2024-06-30,2024-07-01,6,Detractor
S-00001918,592,2024-06-30,,,
S-00001919,593,2024-06-30,,,
S-00001920,595,2024-06-30,2024-07-11,8,Passive
S-00001921,596,2024-06-30,2024-07-06,8,Passive
S-00001922,601,2024-06-30,,,
S-00001923,603,2024-06-30,,,
S-00001924,612,2024-06-30,,,
S-00001925,632,2024-06-30,,,
S-00001926,638,2024-06-30,,,
S-00001927,639,2024-06-30,,,
S-00001928,643,2024-06-30,2024-07-01,10,Promoter
S-00001929,651,2024-06-30,2024-07-08,10,Promoter
S-00001930,657,2024-06-30,2024-07-05,10,Promoter
S-00001931,662,2024-06-30,2024-07-10,10,Promoter
S-00001932,674,2024-06-30,2024-07-10,1,Detractor
S-00001933,685,2024-06-30,,,
S-00001934,690,2024-06-30,,,
S-00001935,694,2024-06-30,2024-07-11,6,Detractor
S-00001936,707,2024-06-30,2024-07-01,0,Detractor
S-00001937,714,2024-06-30,2024-07-08,9,Promoter
S-00001938,722,2024-06-30,2024-07-02,1,Detractor
S-00001939,726,2024-06-30,2024-07-08,6,Detractor
S-00001940,727,2024-06-30,,,
S-00001941,729,2024-06-30,2024-07-05,10,Promoter
S-00001942,734,2024-06-30,2024-07-13,9,Promoter
S-00001943,739,2024-06-30,2024-07-05,5,Detractor
S-00001944,749,2024-06-30,,,
S-00001945,754,2024-06-30,2024-07-12,4,Detractor
S-00001946,755,2024-06-30,,,
S-00001947,756,2024-06-30,2024-07-10,8,Passive
S-00001948,761,2024-06-30,,,
S-00001949,767,2024-06-30,,,
S-00001950,770,2024-06-30,2024-07-11,7,Passive
S-00001951,771,2024-06-30,,,
S-00001952,772,2024-06-30,2024-07-10,9,Promoter
S-00001953,785,2024-06-30,2024-07-01,8,Passive
S-00001954,794,2024-06-30,,,
S-00001955,797,2024-06-30,,,
S-00001956,806,2024-06-30,,,
S-00001957,814,2024-06-30,,,
S-00001958,816,2024-06-30,2024-07-07,9,Promoter
S-00001959,827,2024-06-30,2024-07-06,10,Promoter
S-00001960,828,2024-06-30,,,
S-00001961,833,2024-06-30,,,
S-00001962,834,2024-06-30,,,
S-00001963,835,2024-06-30,2024-07-05,7,Passive
S-00001964,845,2024-06-30,,,
S-00001965,847,2024-06-30,2024-07-01,10,Promoter
S-00001966,848,2024-06-30,2024-07-05,5,Detractor
S-00001967,853,2024-06-30,2024-07-11,7,Passive
S-00001968,854,2024-06-30,,,
S-00001969,855,2024-06-30,,,
S-00001970,856,2024-06-30,2024-07-06,6,Detractor
S-00001971,866,2024-06-30,2024-07-13,10,Promoter
S-00001972,876,2024-06-30,2024-07-13,0,Detractor
S-00001973,879,2024-06-30,2024-06-30,7,Passive
S-00001974,882,2024-06-30,,,
S-00001975,883,2024-06-30,2024-07-10,10,Promoter
S-00001976,884,2024-06-30,2024-07-08,8,Passive
S-00001977,891,2024-06-30,2024-07-03,7,Passive
S-00001978,2,2024-09-30,2024-10-12,9,Promoter
S-00001979,25,2024-09-30,,,
S-00001980,57,2024-09-30,,,
S-00001981,60,2024-09-30,,,
S-00001982,64,2024-09-30,,,
S-00001983,74,2024-09-30,2024-10-13,9,Promoter
S-00001984,79,2024-09-30,2024-10-06,6,Detractor
S-00001985,92,2024-09-30,,,
S-00001986,99,2024-09-30,,,
S-00001987,108,2024-09-30,2024-09-30,0,Detractor
S-00001988,110,2024-09-30,2024-10-06,10,Promoter
S-00001989,115,2024-09-30,2024-10-14,10,Promoter
S-00001990,125,2024-09-30,,,
S-00001991,142,2024-09-30,,,
S-00001992,150,2024-09-30,,,
S-00001993,156,2024-09-30,2024-10-03,10,Promoter
S-00001994,157,2024-09-30,2024-10-05,8,Passive
S-00001995,168,2024-09-30,2024-10-08,8,Passive
S-00001996,180,2024-09-30,2024-10-09,10,Promoter
S-00001997,181,2024-09-30,2024-09-30,10,Promoter
S-00001998,183,2024-09-30,2024-09-30,10,Promoter
S-00001999,188,2024-09-30,2024-10-13,8,Passive
S-00002000,197,2024-09-30,2024-10-05,9,Promoter
S-00002001,202,2024-09-30,,,
S-00002002,211,2024-09-30,2024-10-05,8,Passive
S-00002003,224,2024-09-30,,,
S-00002004,227,2024-09-30,,,
S-00002005,233,2024-09-30,2024-10-04,7,Passive
S-00002006,238,2024-09-30,,,
S-00002007,242,2024-09-30,2024-10-11,7,Passive
S-00002008,261,2024-09-30,,,
S-00002009,278,2024-09-30,2024-10-06,6,Detractor
S-00002010,279,2024-09-30,2024-10-09,7,Passive
S-00002011,290,2024-09-30,2024-10-07,8,Passive
S-00002012,301,2024-09-30,2024-10-04,7,Passive
S-00002013,307,2024-09-30,2024-10-13,7,Passive
S-00002014,326,2024-09-30,,,
S-00002015,327,2024-09-30,,,
S-00002016,333,2024-09-30,,,
S-00002017,339,2024-09-30,,,
S-00002018,343,2024-09-30,2024-10-02,8,Passive
S-00002019,345,2024-09-30,2024-10-11,6,Detractor
S-00002020,346,2024-09-30,2024-10-12,9,Promoter
S-00002021,355,2024-09-30,2024-10-08,5,Detractor
S-00002022,359,2024-09-30,2024-10-14,8,Passive
S-00002023,364,2024-09-30,2024-10-06,8,Passive
S-00002024,366,2024-09-30,,,
S-00002025,386,2024-09-30,,,
S-00002026,388,2024-09-30,2024-10-11,10,Promoter
S-00002027,407,2024-09-30,2024-10-09,8,Passive
S-00002028,424,2024-09-30,2024-09-30,9,Promoter
S-00002029,429,2024-09-30,,,
S-00002030,444,2024-09-30,2024-10-09,7,Passive
S-00002031,472,2024-09-30,2024-09-30,9,Promoter
S-00002032,478,2024-09-30,2024-10-07,7,Passive
S-00002033,491,2024-09-30,,,
S-00002034,503,2024-09-30,,,
S-00002035,504,2024-09-30,2024-10-11,10,Promoter
S-00002036,523,2024-09-30,2024-10-10,9,Promoter
S-00002037,534,2024-09-30,,,
S-00002038,535,2024-09-30,,,
S-00002039,541,2024-09-30,2024-10-06,8,Passive
S-00002040,561,2024-09-30,,,
S-00002041,566,2024-09-30,2024-10-06,10,Promoter
S-00002042,573,2024-09-30,2024-10-09,8,Passive
S-00002043,580,2024-09-30,2024-10-05,6,Detractor
S-00002044,583,2024-09-30,2024-10-03,7,Passive
S-00002045,604,2024-09-30,,,
S-00002046,616,2024-09-30,,,
S-00002047,622,2024-09-30,2024-10-12,6,Detractor
S-00002048,626,2024-09-30,2024-10-03,7,Passive
S-00002049,653,2024-09-30,2024-10-07,5,Detractor
S-00002050,655,2024-09-30,2024-10-10,9,Promoter
S-00002051,656,2024-09-30,2024-10-04,7,Passive
S-00002052,660,2024-09-30,2024-10-10,10,Promoter
S-00002053,671,2024-09-30,,,
S-00002054,674,2024-09-30,2024-10-10,5,Detractor
S-00002055,688,2024-09-30,2024-10-02,7,Passive
S-00002056,699,2024-09-30,,,
S-00002057,702,2024-09-30,2024-10-03,9,Promoter
S-00002058,704,2024-09-30,,,
S-00002059,707,2024-09-30,2024-10-14,7,Passive
S-00002060,708,2024-09-30,,,
S-00002061,720,2024-09-30,2024-09-30,3,Detractor
S-00002062,721,2024-09-30,2024-10-04,9,Promoter
S-00002063,725,2024-09-30,,,
S-00002064,729,2024-09-30,2024-10-12,9,Promoter
S-00002065,731,2024-09-30,,,
S-00002066,734,2024-09-30,,,
S-00002067,736,2024-09-30,2024-10-14,8,Passive
S-00002068,739,2024-09-30,2024-10-07,8,Passive
S-00002069,742,2024-09-30,,,
S-00002070,745,2024-09-30,,,
S-00002071,750,2024-09-30,2024-09-30,9,Promoter
S-00002072,752,2024-09-30,2024-10-09,5,Detractor
S-00002073,755,2024-09-30,,,
S-00002074,764,2024-09-30,,,
S-00002075,765,2024-09-30,,,
S-00002076,769,2024-09-30,2024-10-07,7,Passive
S-00002077,775,2024-09-30,2024-10-11,8,Passive
S-00002078,780,2024-09-30,,,
S-00002079,781,2024-09-30,2024-10-14,8,Passive
S-00002080,788,2024-09-30,2024-10-13,6,Detractor
S-00002081,789,2024-09-30,,,
S-00002082,795,2024-09-30,2024-10-08,10,Promoter
S-00002083,799,2024-09-30,,,
S-00002084,800,2024-09-30,,,
S-00002085,803,2024-09-30,2024-10-10,8,Passive
S-00002086,805,2024-09-30,,,
S-00002087,822,2024-09-30,2024-10-10,6,Detractor
S-00002088,823,2024-09-30,2024-10-10,9,Promoter
S-00002089,827,2024-09-30,2024-10-10,10,Promoter
S-00002090,829,2024-09-30,2024-10-13,6,Detractor
S-00002091,831,2024-09-30,,,
S-00002092,832,2024-09-30,2024-10-11,10,Promoter
S-00002093,836,2024-09-30,,,
S-00002094,846,2024-09-30,2024-10-12,3,Detractor
S-00002095,848,2024-09-30,,,
S-00002096,849,2024-09-30,2024-10-13,10,Promoter
S-00002097,851,2024-09-30,2024-10-03,8,Passive
S-00002098,852,2024-09-30,,,
S-00002099,863,2024-09-30,2024-10-09,8,Passive
S-00002100,864,2024-09-30,2024-10-01,5,Detractor
S-00002101,870,2024-09-30,2024-10-14,6,Detractor
S-00002102,873,2024-09-30,,,
S-00002103,891,2024-09-30,,,
S-00002104,898,2024-09-30,2024-09-30,8,Passive
S-00002105,904,2024-09-30,,,
S-00002106,906,2024-09-30,2024-10-08,7,Passive
S-00002107,907,2024-09-30,,,
S-00002108,2,2024-12-31,,,
S-00002109,6,2024-12-31,,,
S-00002110,20,2024-12-31,2024-12-31,7,Passive
S-00002111,21,2024-12-31,2025-01-06,6,Detractor
S-00002112,23,2024-12-31,,,
S-00002113,32,2024-12-31,,,
S-00002114,34,2024-12-31,2025-01-14,10,Promoter
S-00002115,40,2024-12-31,2025-01-14,5,Detractor
S-00002116,54,2024-12-31,2025-01-02,7,Passive
S-00002117,61,2024-12-31,2025-01-07,8,Passive
S-00002118,68,2024-12-31,2025-01-02,8,Passive
S-00002119,76,2024-12-31,,,
S-00002120,86,2024-12-31,2025-01-07,8,Passive
S-00002121,98,2024-12-31,2025-01-02,9,Promoter
S-00002122,107,2024-12-31,2025-01-11,8,Passive
S-00002123,113,2024-12-31,2025-01-06,7,Passive
S-00002124,119,2024-12-31,,,
S-00002125,149,2024-12-31,,,
S-00002126,153,2024-12-31,2025-01-07,7,Passive
S-00002127,156,2024-12-31,2025-01-08,10,Promoter
S-00002128,160,2024-12-31,2025-01-14,8,Passive
S-00002129,168,2024-12-31,2025-01-10,10,Promoter
S-00002130,180,2024-12-31,2025-01-11,10,Promoter
S-00002131,200,2024-12-31,2025-01-07,7,Passive
S-00002132,211,2024-12-31,2025-01-10,8,Passive
S-00002133,227,2024-12-31,,,
S-00002134,237,2024-12-31,,,
S-00002135,239,2024-12-31,2025-01-06,8,Passive
S-00002136,241,2024-12-31,2025-01-09,10,Promoter
S-00002137,259,2024-12-31,2025-01-02,5,Detractor
S-00002138,266,2024-12-31,,,
S-00002139,267,2024-12-31,2025-01-05,2,Detractor
S-00002140,286,2024-12-31,,,
S-00002141,288,2024-12-31,2025-01-01,8,Passive
S-00002142,296,2024-12-31,,,
S-00002143,331,2024-12-31,2025-01-14,6,Detractor
S-00002144,339,2024-12-31,2025-01-07,9,Promoter
S-00002145,341,2024-12-31,2025-01-04,8,Passive
S-00002146,359,2024-12-31,,,
S-00002147,361,2024-12-31,2025-01-09,8,Passive
S-00002148,383,2024-12-31,2025-01-11,8,Passive
S-00002149,387,2024-12-31,,,
S-00002150,400,2024-12-31,,,
S-00002151,408,2024-12-31,,,
S-00002152,414,2024-12-31,,,
S-00002153,444,2024-12-31,,,
S-00002154,455,2024-12-31,2025-01-09,8,Passive
S-00002155,458,2024-12-31,2025-01-04,8,Passive
S-00002156,460,2024-12-31,,,
S-00002157,470,2024-12-31,2025-01-14,10,Promoter
S-00002158,472,2024-12-31,2025-01-07,10,Promoter
S-00002159,497,2024-12-31,2025-01-05,10,Promoter
S-00002160,499,2024-12-31,,,
S-00002161,513,2024-12-31,,,
S-00002162,517,2024-12-31,,,
S-00002163,524,2024-12-31,,,
S-00002164,532,2024-12-31,,,
S-00002165,535,2024-12-31,,,
S-00002166,539,2024-12-31,,,
S-00002167,540,2024-12-31,,,
S-00002168,550,2024-12-31,2025-01-12,5,Detractor
S-00002169,556,2024-12-31,2025-01-03,6,Detractor
S-00002170,567,2024-12-31,,,
S-00002171,571,2024-12-31,2025-01-02,4,Detractor
S-00002172,581,2024-12-31,,,
S-00002173,593,2024-12-31,2025-01-07,8,Passive
S-00002174,594,2024-12-31,,,
S-00002175,597,2024-12-31,2024-12-31,9,Promoter
S-00002176,613,2024-12-31,2025-01-05,10,Promoter
S-00002177,616,2024-12-31,2025-01-10,0,Detractor
S-00002178,622,2024-12-31,,,
S-00002179,626,2024-12-31,,,
S-00002180,631,2024-12-31,,,
S-00002181,642,2024-12-31,,,
S-00002182,647,2024-12-31,,,
S-00002183,648,2024-12-31,2025-01-11,10,Promoter
S-00002184,649,2024-12-31,2025-01-10,8,Passive
S-00002185,660,2024-12-31,2025-01-10,9,Promoter
S-00002186,661,2024-12-31,,,
S-00002187,662,2024-12-31,,,
S-00002188,675,2024-12-31,2025-01-10,7,Passive
S-00002189,678,2024-12-31,2025-01-05,9,Promoter
S-00002190,679,2024-12-31,2025-01-13,9,Promoter
S-00002191,687,2024-12-31,,,
S-00002192,692,2024-12-31,,,
S-00002193,695,2024-12-31,2025-01-02,7,Passive
S-00002194,698,2024-12-31,2025-01-03,3,Detractor
S-00002195,699,2024-12-31,,,
S-00002196,713,2024-12-31,2025-01-03,10,Promoter
S-00002197,716,2024-12-31,2025-01-11,4,Detractor
S-00002198,721,2024-12-31,,,
S-00002199,722,2024-12-31,2025-01-05,10,Promoter
S-00002200,724,2024-12-31,2024-12-31,8,Passive
S-00002201,727,2024-12-31,,,
S-00002202,732,2024-12-31,2024-12-31,9,Promoter
S-00002203,734,2024-12-31,2025-01-09,9,Promoter
S-00002204,741,2024-12-31,2025-01-01,8,Passive
S-00002205,744,2024-12-31,2025-01-05,5,Detractor
S-00002206,746,2024-12-31,2025-01-07,9,Promoter
S-00002207,754,2024-12-31,,,
S-00002208,764,2024-12-31,2025-01-02,8,Passive
S-00002209,769,2024-12-31,,,
S-00002210,780,2024-12-31,2025-01-14,10,Promoter
S-00002211,794,2024-12-31,,,
S-00002212,795,2024-12-31,2025-01-09,10,Promoter
S-00002213,800,2024-12-31,,,
S-00002214,803,2024-12-31,2025-01-05,6,Detractor
S-00002215,807,2024-12-31,,,
S-00002216,808,2024-12-31,,,
S-00002217,815,2024-12-31,2025-01-03,5,Detractor
S-00002218,817,2024-12-31,,,
S-00002219,834,2024-12-31,2025-01-07,9,Promoter
S-00002220,835,2024-12-31,,,
S-00002221,836,2024-12-31,,,
S-00002222,845,2024-12-31,2025-01-13,8,Passive
S-00002223,854,2024-12-31,2025-01-03,10,Promoter
S-00002224,857,2024-12-31,2025-01-06,4,Detractor
S-00002225,867,2024-12-31,,,
S-00002226,868,2024-12-31,,,
S-00002227,878,2024-12-31,2025-01-12,8,Passive
S-00002228,879,2024-12-31,2025-01-11,10,Promoter
S-00002229,880,2024-12-31,2025-01-09,8,Passive
S-00002230,881,2024-12-31,,,
S-00002231,882,2024-12-31,2025-01-11,10,Promoter
S-00002232,889,2024-12-31,,,
S-00002233,895,2024-12-31,2025-01-04,9,Promoter
S-00002234,896,2024-12-31,2025-01-13,4,Detractor
S-00002235,897,2024-12-31,,,
S-00002236,901,2024-12-31,2025-01-13,6,Detractor
S-00002237,906,2024-12-31,,,
S-00002238,910,2024-12-31,,,
S-00002239,912,2024-12-31,2025-01-02,7,Passive
S-00002240,920,2024-12-31,2025-01-12,7,Passive
S-00002241,924,2024-12-31,2025-01-02,9,Promoter
S-00002242,2,2025-03-31,2025-04-11,8,Passive
S-00002243,10,2025-03-31,2025-04-05,8,Passive
S-00002244,19,2025-03-31,,,
S-00002245,20,2025-03-31,,,
S-00002246,21,2025-03-31,2025-04-02,9,Promoter
S-00002247,23,2025-03-31,2025-04-14,7,Passive
S-00002248,25,2025-03-31,2025-04-13,9,Promoter
S-00002249,32,2025-03-31,2025-04-01,10,Promoter
S-00002250,37,2025-03-31,2025-04-09,8,Passive
S-00002251,52,2025-03-31,,,
S-00002252,68,2025-03-31,2025-04-07,9,Promoter
S-00002253,73,2025-03-31,2025-04-08,9,Promoter
S-00002254,74,2025-03-31,,,
S-00002255,76,2025-03-31,,,
S-00002256,77,2025-03-31,,,
S-00002257,79,2025-03-31,,,
S-00002258,86,2025-03-31,2025-04-02,10,Promoter
S-00002259,92,2025-03-31,2025-04-11,8,Passive
S-00002260,95,2025-03-31,2025-04-12,9,Promoter
S-00002261,99,2025-03-31,2025-04-13,8,Passive
S-00002262,116,2025-03-31,2025-04-08,5,Detractor
S-00002263,117,2025-03-31,,,
S-00002264,125,2025-03-31,2025-04-08,9,Promoter
S-00002265,133,2025-03-31,,,
S-00002266,137,2025-03-31,2025-03-31,6,Detractor
S-00002267,168,2025-03-31,2025-04-14,10,Promoter
S-00002268,181,2025-03-31,,,
S-00002269,186,2025-03-31,,,
S-00002270,191,2025-03-31,2025-03-31,9,Promoter
S-00002271,221,2025-03-31,2025-04-05,8,Passive
S-00002272,233,2025-03-31,2025-04-03,10,Promoter
S-00002273,241,2025-03-31,,,
S-00002274,247,2025-03-31,2025-04-10,8,Passive
S-00002275,249,2025-03-31,2025-04-08,9,Promoter
S-00002276,261,2025-03-31,2025-04-08,7,Passive
S-00002277,266,2025-03-31,,,
S-00002278,299,2025-03-31,2025-04-04,7,Passive
S-00002279,307,2025-03-31,2025-04-06,10,Promoter
S-00002280,312,2025-03-31,2025-04-12,9,Promoter
S-00002281,334,2025-03-31,2025-04-05,9,Promoter
S-00002282,338,2025-03-31,2025-04-10,8,Passive
S-00002283,339,2025-03-31,2025-04-02,9,Promoter
S-00002284,351,2025-03-31,,,
S-00002285,365,2025-03-31,2025-04-11,7,Passive
S-00002286,371,2025-03-31,2025-04-01,9,Promoter
S-00002287,376,2025-03-31,2025-04-06,9,Promoter
S-00002288,381,2025-03-31,2025-04-08,4,Detractor
S-00002289,387,2025-03-31,2025-04-06,4,Detractor
S-00002290,434,2025-03-31,,,
S-00002291,440,2025-03-31,2025-04-13,10,Promoter
S-00002292,445,2025-03-31,2025-04-14,8,Passive
S-00002293,451,2025-03-31,2025-04-03,10,Promoter
S-00002294,455,2025-03-31,,,
S-00002295,461,2025-03-31,,,
S-00002296,472,2025-03-31,,,
S-00002297,499,2025-03-31,2025-04-12,7,Passive
S-00002298,514,2025-03-31,2025-04-13,6,Detractor
S-00002299,516,2025-03-31,,,
S-00002300,522,2025-03-31,,,
S-00002301,533,2025-03-31,,,
S-00002302,535,2025-03-31,2025-04-10,9,Promoter
S-00002303,541,2025-03-31,2025-04-13,9,Promoter
S-00002304,543,2025-03-31,,,
S-00002305,545,2025-03-31,2025-04-13,4,Detractor
S-00002306,548,2025-03-31,,,
S-00002307,557,2025-03-31,,,
S-00002308,572,2025-03-31,2025-04-11,7,Passive
S-00002309,574,2025-03-31,2025-04-12,7,Passive
S-00002310,581,2025-03-31,2025-04-07,9,Promoter
S-00002311,587,2025-03-31,2025-04-06,5,Detractor
S-00002312,590,2025-03-31,,,
S-00002313,606,2025-03-31,2025-04-12,9,Promoter
S-00002314,649,2025-03-31,,,
S-00002315,656,2025-03-31,2025-04-03,10,Promoter
S-00002316,657,2025-03-31,2025-04-12,8,Passive
S-00002317,661,2025-03-31,,,
S-00002318,675,2025-03-31,,,
S-00002319,690,2025-03-31,,,
S-00002320,695,2025-03-31,,,
S-00002321,702,2025-03-31,2025-04-06,8,Passive
S-00002322,703,2025-03-31,,,
S-00002323,711,2025-03-31,2025-04-01,6,Detractor
S-00002324,712,2025-03-31,2025-04-11,4,Detractor
S-00002325,713,2025-03-31,2025-04-01,8,Passive
S-00002326,714,2025-03-31,2025-04-09,9,Promoter
S-00002327,724,2025-03-31,2025-04-08,10,Promoter
S-00002328,725,2025-03-31,2025-04-09,8,Passive
S-00002329,727,2025-03-31,,,
S-00002330,730,2025-03-31,2025-04-12,10,Promoter
S-00002331,732,2025-03-31,,,
S-00002332,742,2025-03-31,2025-04-07,4,Detractor
S-00002333,745,2025-03-31,,,
S-00002334,754,2025-03-31,2025-04-06,8,Passive
S-00002335,757,2025-03-31,2025-04-01,3,Detractor
S-00002336,763,2025-03-31,2025-04-10,10,Promoter
S-00002337,767,2025-03-31,2025-04-07,8,Passive
S-00002338,772,2025-03-31,2025-04-02,10,Promoter
S-00002339,784,2025-03-31,,,
S-00002340,789,2025-03-31,2025-04-05,10,Promoter
S-00002341,797,2025-03-31,2025-04-09,8,Passive
S-00002342,800,2025-03-31,,,
S-00002343,804,2025-03-31,,,
S-00002344,806,2025-03-31,2025-04-11,6,Detractor
S-00002345,810,2025-03-31,,,
S-00002346,819,2025-03-31,2025-04-01,8,Passive
S-00002347,822,2025-03-31,,,
S-00002348,823,2025-03-31,,,
S-00002349,829,2025-03-31,,,
S-00002350,836,2025-03-31,,,
S-00002351,839,2025-03-31,,,
S-00002352,846,2025-03-31,2025-04-12,2,Detractor
S-00002353,851,2025-03-31,2025-04-05,9,Promoter
S-00002354,861,2025-03-31,,,
S-00002355,872,2025-03-31,2025-04-02,7,Passive
S-00002356,880,2025-03-31,2025-04-11,7,Passive
S-00002357,881,2025-03-31,2025-04-02,2,Detractor
S-00002358,883,2025-03-31,2025-04-02,9,Promoter
S-00002359,888,2025-03-31,2025-04-08,8,Passive
S-00002360,892,2025-03-31,2025-04-05,0,Detractor
S-00002361,895,2025-03-31,2025-04-14,10,Promoter
S-00002362,898,2025-03-31,2025-04-08,9,Promoter
S-00002363,899,2025-03-31,2025-04-11,7,Passive
S-00002364,902,2025-03-31,2025-04-05,8,Passive
S-00002365,910,2025-03-31,,,
S-00002366,911,2025-03-31,2025-04-13,9,Promoter
S-00002367,912,2025-03-31,2025-04-09,9,Promoter
S-00002368,920,2025-03-31,2025-04-01,8,Passive
S-00002369,929,2025-03-31,2025-04-14,8,Passive
S-00002370,2,2025-06-30,,,
S-00002371,7,2025-06-30,2025-07-01,8,Passive
S-00002372,8,2025-06-30,2025-07-06,9,Promoter
S-00002373,10,2025-06-30,2025-07-08,9,Promoter
S-00002374,25,2025-06-30,,,
S-00002375,29,2025-06-30,,,
S-00002376,46,2025-06-30,2025-07-07,9,Promoter
S-00002377,52,2025-06-30,,,
S-00002378,74,2025-06-30,2025-07-07,10,Promoter
S-00002379,76,2025-06-30,2025-07-01,7,Passive
S-00002380,77,2025-06-30,,,
S-00002381,110,2025-06-30,,,
S-00002382,111,2025-06-30,2025-07-12,8,Passive
S-00002383,113,2025-06-30,,,
S-00002384,116,2025-06-30,,,
S-00002385,136,2025-06-30,2025-07-06,5,Detractor
S-00002386,137,2025-06-30,2025-07-08,7,Passive
S-00002387,154,2025-06-30,,,
S-00002388,168,2025-06-30,2025-07-01,7,Passive
S-00002389,186,2025-06-30,2025-07-06,10,Promoter
S-00002390,188,2025-06-30,,,
S-00002391,191,2025-06-30,,,
S-00002392,211,2025-06-30,2025-07-05,8,Passive
S-00002393,227,2025-06-30,,,
S-00002394,233,2025-06-30,2025-07-03,9,Promoter
S-00002395,235,2025-06-30,2025-07-09,6,Detractor
S-00002396,247,2025-06-30,,,
S-00002397,249,2025-06-30,2025-07-05,8,Passive
S-00002398,258,2025-06-30,2025-07-11,8,Passive
S-00002399,271,2025-06-30,,,
S-00002400,273,2025-06-30,2025-07-01,7,Passive
S-00002401,277,2025-06-30,2025-07-03,10,Promoter
S-00002402,279,2025-06-30,2025-06-30,10,Promoter
S-00002403,291,2025-06-30,2025-07-06,8,Passive
S-00002404,297,2025-06-30,,,
S-00002405,301,2025-06-30,2025-07-05,9,Promoter
S-00002406,302,2025-06-30,,,
S-00002407,305,2025-06-30,2025-07-09,9,Promoter
S-00002408,307,2025-06-30,,,
S-00002409,309,2025-06-30,,,
S-00002410,312,2025-06-30,2025-07-03,8,Passive
S-00002411,333,2025-06-30,,,
S-00002412,334,2025-06-30,2025-07-01,9,Promoter
S-00002413,344,2025-06-30,2025-07-12,10,Promoter
S-00002414,346,2025-06-30,,,
S-00002415,357,2025-06-30,2025-07-07,7,Passive
S-00002416,374,2025-06-30,2025-07-07,10,Promoter
S-00002417,389,2025-06-30,,,
S-00002418,400,2025-06-30,,,
S-00002419,417,2025-06-30,,,
S-00002420,420,2025-06-30,2025-07-04,10,Promoter
S-00002421,424,2025-06-30,2025-07-08,5,Detractor
S-00002422,429,2025-06-30,2025-07-07,10,Promoter
S-00002423,455,2025-06-30,2025-07-07,10,Promoter
S-00002424,465,2025-06-30,,,
S-00002425,478,2025-06-30,,,
S-00002426,495,2025-06-30,2025-07-03,8,Passive
S-00002427,498,2025-06-30,,,
S-00002428,502,2025-06-30,2025-07-06,9,Promoter
S-00002429,503,2025-06-30,2025-07-12,6,Detractor
S-00002430,504,2025-06-30,2025-07-11,8,Passive
S-00002431,518,2025-06-30,2025-07-09,8,Passive
S-00002432,519,2025-06-30,2025-07-09,8,Passive
S-00002433,523,2025-06-30,2025-07-02,10,Promoter
S-00002434,542,2025-06-30,2025-07-03,9,Promoter
S-00002435,543,2025-06-30,,,
S-00002436,544,2025-06-30,2025-07-01,7,Passive
S-00002437,557,2025-06-30,,,
S-00002438,561,2025-06-30,,,
S-00002439,562,2025-06-30,2025-06-30,6,Detractor
S-00002440,566,2025-06-30,2025-07-11,10,Promoter
S-00002441,574,2025-06-30,2025-07-04,6,Detractor
S-00002442,583,2025-06-30,2025-07-07,10,Promoter
S-00002443,587,2025-06-30,,,
S-00002444,597,2025-06-30,,,
S-00002445,599,2025-06-30,,,
S-00002446,601,2025-06-30,2025-07-13,4,Detractor
S-00002447,610,2025-06-30,2025-07-13,9,Promoter
S-00002448,614,2025-06-30,2025-07-09,5,Detractor
S-00002449,656,2025-06-30,2025-07-02,7,Passive
S-00002450,662,2025-06-30,2025-07-11,9,Promoter
S-00002451,668,2025-06-30,,,
S-00002452,686,2025-06-30,,,
S-00002453,690,2025-06-30,,,
S-00002454,691,2025-06-30,2025-07-06,8,Passive
S-00002455,693,2025-06-30,2025-06-30,4,Detractor
S-00002456,698,2025-06-30,2025-07-08,10,Promoter
S-00002457,708,2025-06-30,2025-07-04,8,Passive
S-00002458,722,2025-06-30,,,
S-00002459,726,2025-06-30,2025-07-06,10,Promoter
S-00002460,731,2025-06-30,,,
S-00002461,732,2025-06-30,2025-07-10,9,Promoter
S-00002462,750,2025-06-30,,,
S-00002463,756,2025-06-30,2025-07-02,10,Promoter
S-00002464,764,2025-06-30,2025-07-12,8,Passive
S-00002465,765,2025-06-30,,,
S-00002466,770,2025-06-30,,,
S-00002467,783,2025-06-30,2025-07-09,9,Promoter
S-00002468,785,2025-06-30,2025-07-13,10,Promoter
S-00002469,788,2025-06-30,,,
S-00002470,789,2025-06-30,2025-07-08,10,Promoter
S-00002471,799,2025-06-30,,,
S-00002472,803,2025-06-30,,,
S-00002473,805,2025-06-30,,,
S-00002474,809,2025-06-30,2025-07-07,7,Passive
S-00002475,812,2025-06-30,2025-07-02,4,Detractor
S-00002476,819,2025-06-30,2025-07-06,9,Promoter
S-00002477,821,2025-06-30,2025-07-03,7,Passive
S-00002478,825,2025-06-30,,,
S-00002479,826,2025-06-30,,,
S-00002480,830,2025-06-30,,,
S-00002481,834,2025-06-30,2025-07-03,9,Promoter
S-00002482,840,2025-06-30,2025-07-01,9,Promoter
S-00002483,846,2025-06-30,,,
S-00002484,850,2025-06-30,2025-07-01,9,Promoter
S-00002485,853,2025-06-30,,,
S-00002486,857,2025-06-30,2025-07-11,7,Passive
S-00002487,858,2025-06-30,2025-07-11,10,Promoter
S-00002488,864,2025-06-30,,,
S-00002489,878,2025-06-30,,,
S-00002490,879,2025-06-30,2025-07-12,8,Passive
S-00002491,888,2025-06-30,,,
S-00002492,904,2025-06-30,2025-06-30,8,Passive
S-00002493,912,2025-06-30,2025-07-08,8,Passive
S-00002494,913,2025-06-30,2025-07-14,10,Promoter
S-00002495,914,2025-06-30,2025-07-08,3,Detractor
S-00002496,916,2025-06-30,2025-06-30,10,Promoter
S-00002497,919,2025-06-30,2025-07-05,9,Promoter
S-00002498,922,2025-06-30,2025-07-14,9,Promoter
S-00002499,929,2025-06-30,,,
S-00002500,934,2025-06-30,,,
S-00002501,936,2025-06-30,,,
S-00002502,937,2025-06-30,2025-07-06,3,Detractor
S-00002503,938,2025-06-30,2025-07-06,7,Passive
S-00002504,943,2025-06-30,2025-07-03,7,Passive
S-00002505,946,2025-06-30,,,
S-00002506,7,2025-09-30,2025-10-03,7,Passive
S-00002507,10,2025-09-30,,,
S-00002508,14,2025-09-30,2025-10-05,9,Promoter
S-00002509,29,2025-09-30,2025-10-11,10,Promoter
S-00002510,41,2025-09-30,,,
S-00002511,52,2025-09-30,2025-09-30,8,Passive
S-00002512,53,2025-09-30,2025-10-14,8,Passive
S-00002513,54,2025-09-30,2025-09-30,7,Passive
S-00002514,57,2025-09-30,2025-10-06,8,Passive
S-00002515,76,2025-09-30,2025-10-08,8,Passive
S-00002516,77,2025-09-30,,,
S-00002517,136,2025-09-30,,,
S-00002518,147,2025-09-30,,,
S-00002519,179,2025-09-30,,,
S-00002520,183,2025-09-30,2025-10-06,6,Detractor
S-00002521,191,2025-09-30,,,
S-00002522,202,2025-09-30,2025-10-07,9,Promoter
S-00002523,211,2025-09-30,2025-10-11,8,Passive
S-00002524,213,2025-09-30,,,
S-00002525,214,2025-09-30,2025-10-06,7,Passive
S-00002526,217,2025-09-30,,,
S-00002527,221,2025-09-30,,,
S-00002528,237,2025-09-30,2025-10-01,9,Promoter
S-00002529,245,2025-09-30,,,
S-00002530,257,2025-09-30,2025-10-06,8,Passive
S-00002531,268,2025-09-30,2025-10-10,9,Promoter
S-00002532,272,2025-09-30,,,
S-00002533,278,2025-09-30,2025-10-01,6,Detractor
S-00002534,288,2025-09-30,2025-10-14,10,Promoter
S-00002535,296,2025-09-30,2025-10-14,7,Passive
S-00002536,297,2025-09-30,,,
S-00002537,298,2025-09-30,2025-10-11,7,Passive
S-00002538,299,2025-09-30,,,
S-00002539,302,2025-09-30,2025-10-11,8,Passive
S-00002540,309,2025-09-30,,,
S-00002541,314,2025-09-30,,,
S-00002542,327,2025-09-30,,,
S-00002543,333,2025-09-30,2025-10-13,8,Passive
S-00002544,338,2025-09-30,,,
S-00002545,345,2025-09-30,2025-10-03,9,Promoter
S-00002546,346,2025-09-30,,,
S-00002547,357,2025-09-30,2025-10-06,10,Promoter
S-00002548,363,2025-09-30,,,
S-00002549,413,2025-09-30,2025-10-13,9,Promoter
S-00002550,417,2025-09-30,2025-10-11,8,Passive
S-00002551,419,2025-09-30,,,
S-00002552,424,2025-09-30,,,
S-00002553,474,2025-09-30,,,
S-00002554,490,2025-09-30,,,
S-00002555,497,2025-09-30,,,
S-00002556,498,2025-09-30,,,
S-00002557,513,2025-09-30,,,
S-00002558,516,2025-09-30,2025-10-08,6,Detractor
S-00002559,539,2025-09-30,,,
S-00002560,544,2025-09-30,2025-10-06,6,Detractor
S-00002561,548,2025-09-30,,,
S-00002562,550,2025-09-30,,,
S-00002563,554,2025-09-30,2025-10-10,7,Passive
S-00002564,556,2025-09-30,,,
S-00002565,574,2025-09-30,,,
S-00002566,583,2025-09-30,2025-10-09,10,Promoter
S-00002567,588,2025-09-30,,,
S-00002568,595,2025-09-30,,,
S-00002569,598,2025-09-30,2025-10-03,10,Promoter
S-00002570,599,2025-09-30,2025-10-02,7,Passive
S-00002571,602,2025-09-30,,,
S-00002572,608,2025-09-30,2025-10-10,10,Promoter
S-00002573,615,2025-09-30,2025-10-08,8,Passive
S-00002574,635,2025-09-30,,,
S-00002575,637,2025-09-30,2025-10-10,5,Detractor
S-00002576,638,2025-09-30,2025-10-04,9,Promoter
S-00002577,640,2025-09-30,,,
S-00002578,654,2025-09-30,,,
S-00002579,655,2025-09-30,,,
S-00002580,656,2025-09-30,2025-10-02,5,Detractor
S-00002581,661,2025-09-30,2025-10-01,7,Passive
S-00002582,662,2025-09-30,2025-10-13,7,Passive
S-00002583,673,2025-09-30,2025-10-12,10,Promoter
S-00002584,674,2025-09-30,2025-10-09,4,Detractor
S-00002585,687,2025-09-30,,,
S-00002586,688,2025-09-30,2025-10-03,10,Promoter
S-00002587,691,2025-09-30,2025-09-30,7,Passive
S-00002588,698,2025-09-30,,,
S-00002589,699,2025-09-30,,,
S-00002590,713,2025-09-30,,,
S-00002591,726,2025-09-30,,,
S-00002592,729,2025-09-30,2025-10-02,7,Passive
S-00002593,731,2025-09-30,,,
S-00002594,734,2025-09-30,2025-10-11,8,Passive
S-00002595,752,2025-09-30,,,
S-00002596,764,2025-09-30,2025-10-01,10,Promoter
S-00002597,771,2025-09-30,,,
S-00002598,785,2025-09-30,2025-10-09,8,Passive
S-00002599,787,2025-09-30,2025-10-06,8,Passive
S-00002600,795,2025-09-30,2025-10-06,10,Promoter
S-00002601,799,2025-09-30,2025-10-07,8,Passive
S-00002602,804,2025-09-30,2025-10-06,9,Promoter
S-00002603,805,2025-09-30,,,
S-00002604,808,2025-09-30,2025-10-09,8,Passive
S-00002605,809,2025-09-30,2025-10-03,10,Promoter
S-00002606,810,2025-09-30,,,
S-00002607,811,2025-09-30,,,
S-00002608,812,2025-09-30,,,
S-00002609,813,2025-09-30,2025-10-13,9,Promoter
S-00002610,816,2025-09-30,,,
S-00002611,817,2025-09-30,,,
S-00002612,822,2025-09-30,,,
S-00002613,823,2025-09-30,2025-10-05,9,Promoter
S-00002614,825,2025-09-30,2025-10-09,7,Passive
S-00002615,827,2025-09-30,2025-10-08,10,Promoter
S-00002616,828,2025-09-30,2025-10-13,3,Detractor
S-00002617,836,2025-09-30,,,
S-00002618,845,2025-09-30,,,
S-00002619,850,2025-09-30,,,
S-00002620,853,2025-09-30,2025-10-03,9,Promoter
S-00002621,858,2025-09-30,,,
S-00002622,859,2025-09-30,2025-10-13,9,Promoter
S-00002623,861,2025-09-30,,,
S-00002624,868,2025-09-30,,,
S-00002625,873,2025-09-30,2025-10-10,5,Detractor
S-00002626,889,2025-09-30,,,
S-00002627,892,2025-09-30,,,
S-00002628,899,2025-09-30,,,
S-00002629,900,2025-09-30,2025-10-13,8,Passive
S-00002630,902,2025-09-30,,,
S-00002631,910,2025-09-30,,,
S-00002632,912,2025-09-30,2025-10-06,5,Detractor
S-00002633,916,2025-09-30,,,
S-00002634,924,2025-09-30,,,
S-00002635,936,2025-09-30,,,
S-00002636,942,2025-09-30,,,
S-00002637,943,2025-09-30,,,
S-00002638,950,2025-09-30,,,
S-00002639,6,2025-12-31,,,
S-00002640,14,2025-12-31,,,
S-00002641,21,2025-12-31,2026-01-04,8,Passive
S-00002642,25,2025-12-31,2026-01-05,10,Promoter
S-00002643,32,2025-12-31,,,
S-00002644,33,2025-12-31,,,
S-00002645,34,2025-12-31,2026-01-12,10,Promoter
S-00002646,61,2025-12-31,,,
S-00002647,64,2025-12-31,2025-12-31,10,Promoter
S-00002648,68,2025-12-31,2026-01-07,8,Passive
S-00002649,80,2025-12-31,,,
S-00002650,82,2025-12-31,2025-12-31,5,Detractor
S-00002651,110,2025-12-31,2026-01-08,9,Promoter
S-00002652,135,2025-12-31,,,
S-00002653,136,2025-12-31,2026-01-14,7,Passive
S-00002654,138,2025-12-31,2026-01-01,10,Promoter
S-00002655,168,2025-12-31,2026-01-13,6,Detractor
S-00002656,180,2025-12-31,2026-01-02,9,Promoter
S-00002657,182,2025-12-31,2026-01-13,8,Passive
S-00002658,188,2025-12-31,,,
S-00002659,191,2025-12-31,2025-12-31,9,Promoter
S-00002660,214,2025-12-31,2026-01-07,6,Detractor
S-00002661,225,2025-12-31,,,
S-00002662,229,2025-12-31,2026-01-12,9,Promoter
S-00002663,233,2025-12-31,,,
S-00002664,237,2025-12-31,,,
S-00002665,239,2025-12-31,,,
S-00002666,242,2025-12-31,,,
S-00002667,244,2025-12-31,,,
S-00002668,245,2025-12-31,2026-01-04,10,Promoter
S-00002669,247,2025-12-31,2026-01-12,7,Passive
S-00002670,273,2025-12-31,2026-01-03,10,Promoter
S-00002671,290,2025-12-31,2026-01-11,8,Passive
S-00002672,308,2025-12-31,2026-01-03,9,Promoter
S-00002673,312,2025-12-31,2026-01-14,8,Passive
S-00002674,315,2025-12-31,2026-01-10,9,Promoter
S-00002675,323,2025-12-31,2025-12-31,9,Promoter
S-00002676,333,2025-12-31,2026-01-06,8,Passive
S-00002677,334,2025-12-31,,,
S-00002678,345,2025-12-31,2026-01-07,8,Passive
S-00002679,350,2025-12-31,2026-01-09,6,Detractor
S-00002680,354,2025-12-31,2026-01-13,8,Passive
S-00002681,355,2025-12-31,,,
S-00002682,365,2025-12-31,,,
S-00002683,375,2025-12-31,,,
S-00002684,376,2025-12-31,2026-01-08,8,Passive
S-00002685,389,2025-12-31,,,
S-00002686,417,2025-12-31,2026-01-02,8,Passive
S-00002687,440,2025-12-31,2026-01-13,10,Promoter
S-00002688,444,2025-12-31,2026-01-05,7,Passive
S-00002689,446,2025-12-31,,,
S-00002690,454,2025-12-31,2025-12-31,8,Passive
S-00002691,468,2025-12-31,2026-01-05,5,Detractor
S-00002692,477,2025-12-31,2026-01-14,10,Promoter
S-00002693,490,2025-12-31,,,
S-00002694,494,2025-12-31,,,
S-00002695,497,2025-12-31,2026-01-04,8,Passive
S-00002696,498,2025-12-31,2026-01-09,9,Promoter
S-00002697,509,2025-12-31,,,
S-00002698,532,2025-12-31,,,
S-00002699,533,2025-12-31,,,
S-00002700,541,2025-12-31,,,
S-00002701,548,2025-12-31,2026-01-02,10,Promoter
S-00002702,557,2025-12-31,,,
S-00002703,580,2025-12-31,2026-01-07,8,Passive
S-00002704,587,2025-12-31,,,
S-00002705,589,2025-12-31,2026-01-14,9,Promoter
S-00002706,599,2025-12-31,2026-01-13,7,Passive
S-00002707,601,2025-12-31,2026-01-14,6,Detractor
S-00002708,602,2025-12-31,,,
S-00002709,606,2025-12-31,,,
S-00002710,619,2025-12-31,2026-01-12,6,Detractor
S-00002711,626,2025-12-31,,,
S-00002712,629,2025-12-31,2026-01-08,10,Promoter
S-00002713,631,2025-12-31,,,
S-00002714,632,2025-12-31,,,
S-00002715,638,2025-12-31,2026-01-03,10,Promoter
S-00002716,654,2025-12-31,2026-01-03,8,Passive
S-00002717,668,2025-12-31,,,
S-00002718,678,2025-12-31,2026-01-04,9,Promoter
S-00002719,688,2025-12-31,2026-01-04,7,Passive
S-00002720,692,2025-12-31,,,
S-00002721,698,2025-12-31,,,
S-00002722,699,2025-12-31,2026-01-05,7,Passive
S-00002723,723,2025-12-31,,,
S-00002724,726,2025-12-31,,,
S-00002725,733,2025-12-31,2026-01-13,10,Promoter
S-00002726,737,2025-12-31,,,
S-00002727,755,2025-12-31,2026-01-01,1,Detractor
S-00002728,756,2025-12-31,2026-01-09,9,Promoter
S-00002729,784,2025-12-31,,,
S-00002730,795,2025-12-31,2026-01-04,10,Promoter
S-00002731,799,2025-12-31,2026-01-13,10,Promoter
S-00002732,803,2025-12-31,2026-01-01,7,Passive
S-00002733,805,2025-12-31,,,
S-00002734,808,2025-12-31,,,
S-00002735,809,2025-12-31,,,
S-00002736,818,2025-12-31,2026-01-06,9,Promoter
S-00002737,825,2025-12-31,2026-01-12,8,Passive
S-00002738,829,2025-12-31,2026-01-03,8,Passive
S-00002739,831,2025-12-31,,,
S-00002740,833,2025-12-31,,,
S-00002741,835,2025-12-31,2026-01-09,7,Passive
S-00002742,839,2025-12-31,2026-01-02,8,Passive
S-00002743,845,2025-12-31,2026-01-06,6,Detractor
S-00002744,860,2025-12-31,,,
S-00002745,867,2025-12-31,2026-01-03,8,Passive
S-00002746,868,2025-12-31,,,
S-00002747,870,2025-12-31,2026-01-12,10,Promoter
S-00002748,872,2025-12-31,2026-01-02,10,Promoter
S-00002749,878,2025-12-31,2026-01-03,6,Detractor
S-00002750,879,2025-12-31,,,
S-00002751,882,2025-12-31,2026-01-01,8,Passive
S-00002752,884,2025-12-31,,,
S-00002753,891,2025-12-31,,,
S-00002754,901,2025-12-31,2026-01-07,6,Detractor
S-00002755,902,2025-12-31,2026-01-06,6,Detractor
S-00002756,905,2025-12-31,2026-01-01,10,Promoter
S-00002757,908,2025-12-31,,,
S-00002758,920,2025-12-31,2026-01-10,5,Detractor
S-00002759,924,2025-12-31,2026-01-02,6,Detractor
S-00002760,927,2025-12-31,2026-01-05,10,Promoter
S-00002761,939,2025-12-31,2026-01-11,7,Passive
S-00002762,948,2025-12-31,2026-01-05,9,Promoter
S-00002763,950,2025-12-31,,,
S-00002764,956,2025-12-31,2026-01-01,10,Promoter
S-00002765,959,2025-12-31,,,
